Metadata_pert_name	mAP	p_value	n_pos_pairs	n_total_pairs	-log10(mAP p-value)	p < 0.05	cell_type	control_barcodes	Metadata_gene_name
AKT1-1	0.09141767004286881	0.3435410505783897	5.0	197.0	0.4640213605710315	False	A549	cutting_control	AKT1
AKT1-2	0.07998086329899935	0.3435410505783897	5.0	197.0	0.4640213605710315	False	A549	cutting_control	AKT1
ARID1B-1	0.07399568893283902	0.3435410505783897	5.0	197.0	0.4640213605710315	False	A549	cutting_control	ARID1B
ARID1B-2	0.06291491635695111	0.6874969156947967	5.0	197.0	0.16272924586095064	False	A549	cutting_control	ARID1B
ATF4-1	0.6563647681294741	1.3832545124386975e-15	5.0	197.0	14.85909790436049	True	A549	cutting_control	ATF4
ATF4-2	0.7635653453300512	4.7106321225358203e-17	5.0	197.0	15.653559774527022	True	A549	cutting_control	ATF4
ATP50-1	0.1529768913758427	0.007219483199120386	5.0	197.0	2.1414938899377542	True	A549	cutting_control	ATP50
ATP50-2	0.20864919110133537	4.555115393895948e-05	5.0	197.0	4.341500616649825	True	A549	cutting_control	ATP50
AURKB-2	0.03633238568852143	0.9816822831288129	5.0	197.0	0.008029046846736911	False	A549	cutting_control	AURKB
BCL2-1	0.04685067244392349	0.974075540876678	5.0	197.0	0.011407361690426122	False	A549	cutting_control	BCL2
BCL2-2	0.14477950650295057	0.007219483199120386	5.0	197.0	2.1414938899377542	True	A549	cutting_control	BCL2
BCL2L2-1	0.04728751398491118	0.8604384275528213	5.0	197.0	0.06528020207180005	False	A549	cutting_control	BCL2L2
BCL2L2-2	0.051683284700513976	0.7644835180194471	5.0	197.0	0.11663187337836696	False	A549	cutting_control	BCL2L2
BCL2L2-4	0.09873726278680377	0.23756038535244275	5.0	197.0	0.6242259789148689	False	A549	cutting_control	BCL2L2
BRAF-2	0.10307646553742449	0.09305262157255616	5.0	197.0	1.0312713869775245	False	A549	cutting_control	BRAF
BRAF1-1	0.08768138583200107	0.44185688066922396	5.0	197.0	0.3547183777115632	False	A549	cutting_control	BRAF1
BRCA1-1	0.07151775374296185	0.43642780518194924	5.0	197.0	0.36008758793611045	False	A549	cutting_control	BRCA1
BRCA1-2	0.08694285124350509	0.18096077903526858	5.0	197.0	0.7424155427789753	False	A549	cutting_control	BRCA1
BRD4-1	0.08014397011077244	0.40787387557779936	5.0	197.0	0.38947411046065505	False	A549	cutting_control	BRD4
BRD4-2	0.5567328393673089	4.145892661832937e-11	5.0	197.0	10.382381946086129	True	A549	cutting_control	BRD4
CCND1-1	0.22901255676467236	1.4847619743396681e-05	5.0	197.0	4.828343163529525	True	A549	cutting_control	CCND1
CCND1-2	0.9782539682539683	4.7106321225358203e-17	5.0	197.0	15.653559774527022	True	A549	cutting_control	CCND1
CCNE1-1	0.6237749287749287	3.4166962962081925e-15	5.0	197.0	14.466393623116009	True	A549	cutting_control	CCNE1
CCNE1-2	0.588634570468415	1.3506650025986913e-14	5.0	197.0	13.869452353097548	True	A549	cutting_control	CCNE1
CDK2-1	0.09859816892366924	0.06573610058920121	5.0	197.0	1.1821960614776965	False	A549	cutting_control	CDK2
CDK2-2	0.8853637566137565	4.7106321225358203e-17	5.0	197.0	15.653559774527022	True	A549	cutting_control	CDK2
CDK4-1	0.29813378721532474	1.6427587514545537e-08	5.0	197.0	7.7844262105180295	True	A549	cutting_control	CDK4
CDK4-2	0.1175930369912667	0.03495732166311794	5.0	197.0	1.4564618492495214	True	A549	cutting_control	CDK4
CDK4-3	0.3527494566495774	4.052567778638962e-11	5.0	197.0	10.392269712903202	True	A549	cutting_control	CDK4
CHEK2-1	0.08962414341297238	0.3163212607739816	5.0	197.0	0.49987161704250477	False	A549	cutting_control	CHEK2
CHEK2-2	0.0763506168003795	0.6723775035489401	5.0	197.0	0.17238682564303653	False	A549	cutting_control	CHEK2
COX5B-1	0.04059968543711343	0.974075540876678	5.0	197.0	0.011407361690426122	False	A549	cutting_control	COX5B
COX5B-2	0.11468949457151466	0.0934217609672119	5.0	197.0	1.0295519506734234	False	A549	cutting_control	COX5B
CSNK1A1-1	0.8501720622372796	4.7106321225358203e-17	5.0	197.0	15.653559774527022	True	A549	cutting_control	CSNK1A1
CSNK1A1-2	0.31878297895644625	1.2018640049064806e-09	5.0	197.0	8.920144671484765	True	A549	cutting_control	CSNK1A1
CTNNB1-1	0.2141036840718067	4.555115393895948e-05	5.0	197.0	4.341500616649825	True	A549	cutting_control	CTNNB1
CTNNB1-2	0.09527888354739354	0.21702672056461225	5.0	197.0	0.6634867920530831	False	A549	cutting_control	CTNNB1
DOT1L-1	0.0875113327380792	0.44778763129790117	5.0	197.0	0.34892790658828954	False	A549	cutting_control	DOT1L
DOT1L-2	0.10760624352789179	0.10330570286611743	5.0	197.0	0.9858757031181111	False	A549	cutting_control	DOT1L
EGFR-1	0.12694812147996612	0.03495732166311794	5.0	197.0	1.4564618492495214	True	A549	cutting_control	EGFR
EGFR-2	0.3298496696069951	5.616924229023145e-10	5.0	197.0	9.250501434613993	True	A549	cutting_control	EGFR
EGLN1-8	0.08377574920832488	0.21702672056461225	5.0	197.0	0.6634867920530831	False	A549	cutting_control	EGLN1
EGLN1-9	0.1547824066584602	0.006524519994087154	5.0	197.0	2.185451433658239	True	A549	cutting_control	EGLN1
ERBB2-1	0.38401961135689894	1.7617085832189337e-10	5.0	197.0	9.754065929730457	True	A549	cutting_control	ERBB2
ERBB2-2	0.17294615858452964	0.00048793939526590443	5.0	197.0	3.3116341163909158	True	A549	cutting_control	ERBB2
ERBB3-1	0.05853372470647574	0.7563700855123502	5.0	197.0	0.12126565586325269	False	A549	cutting_control	ERBB3
ERBB3-2	0.052159117545375576	0.9005810059145632	5.0	197.0	0.04547721694835043	False	A549	cutting_control	ERBB3
EZH2-1	0.16692575107825958	0.0023488065055990155	5.0	197.0	2.6291527588766592	True	A549	cutting_control	EZH2
EZH2-2	0.10885407389657613	0.20593061924493616	5.0	197.0	0.6862790745550484	False	A549	cutting_control	EZH2
GLS-1	0.11810198721687554	0.020981362273901114	5.0	197.0	1.6781663174374504	True	A549	cutting_control	GLS
GLS-2	0.6136943595134469	4.7106321225358203e-17	5.0	197.0	15.653559774527022	True	A549	cutting_control	GLS
GPX4-1	0.07563956635247933	0.7563700855123502	5.0	197.0	0.12126565586325269	False	A549	cutting_control	GPX4
GPX4-2	0.07340165898075034	0.7563700855123502	5.0	197.0	0.12126565586325269	False	A549	cutting_control	GPX4
HIF1a-1	0.14558854820596687	0.02303291026169924	5.0	197.0	1.6376511844524215	True	A549	cutting_control	HIF1a
HIF1a-2	0.06645531681911378	0.53600342113322	5.0	197.0	0.27083243833980897	False	A549	cutting_control	HIF1a
ITGAV-1	1.0	4.7106321225358203e-17	5.0	197.0	15.653559774527022	True	A549	cutting_control	ITGAV
ITGAV-2	1.0	4.7106321225358203e-17	5.0	197.0	15.653559774527022	True	A549	cutting_control	ITGAV
JAK3-1	0.13134480187782524	0.04956481463198534	5.0	197.0	1.304826513705498	True	A549	cutting_control	JAK3
JAK3-2	0.08040517063522447	0.3435410505783897	5.0	197.0	0.4640213605710315	False	A549	cutting_control	JAK3
KIF11-1	0.5826318054163323	2.2556280958350634e-16	5.0	197.0	15.646732504529623	True	A549	cutting_control	KIF11
KIF11-2	0.615133053512926	2.2556280958350634e-16	5.0	197.0	15.646732504529623	True	A549	cutting_control	KIF11
KRAS-1	0.3511201635590404	1.7619573951594514e-10	5.0	197.0	9.754004597212766	True	A549	cutting_control	KRAS
KRAS-2A	0.663186146936147	9.552682434212952e-16	5.0	197.0	15.019874659536917	True	A549	cutting_control	KRAS
KRAS-2B	0.09700849585810911	0.21702672056461225	5.0	197.0	0.6634867920530831	False	A549	cutting_control	KRAS
MAPK1-1	0.059206233714063104	0.6330286026181827	5.0	197.0	0.1985766664777396	False	A549	cutting_control	MAPK1
MAPK1-2	0.24430979553215182	5.1803645799712155e-06	5.0	197.0	5.2856396747146155	True	A549	cutting_control	MAPK1
MCL1-2	0.045809519164215634	0.9816822831288129	5.0	197.0	0.008029046846736911	False	A549	cutting_control	MCL1
MCL1-5	0.06353556715388109	0.4504217579677962	5.0	197.0	0.3463806387226111	False	A549	cutting_control	MCL1
MTOR-1	0.3590127357017237	2.5220399599338704e-07	5.0	197.0	6.598248036620474	True	A549	cutting_control	MTOR
MTOR-2	0.2678684090202836	2.881131419137369e-07	5.0	197.0	6.5404369314785376	True	A549	cutting_control	MTOR
MYC-1	1.0	4.7106321225358203e-17	5.0	197.0	15.653559774527022	True	A549	cutting_control	MYC
MYC-2	0.9544871794871795	4.7106321225358203e-17	5.0	197.0	15.653559774527022	True	A549	cutting_control	MYC
PIK3CA-1	0.27291738098673374	2.454355236885359e-06	5.0	197.0	5.6100625784249525	True	A549	cutting_control	PIK3CA
PIK3CA-2	0.24298162963228162	3.513936639413776e-06	5.0	197.0	5.454206073632144	True	A549	cutting_control	PIK3CA
PRDX1-1	0.06191487442464023	0.3998924011559915	5.0	197.0	0.39805684834804	False	A549	cutting_control	PRDX1
PRDX1-2	0.041648628681635304	0.984912830476482	5.0	197.0	0.006602204952417332	False	A549	cutting_control	PRDX1
PTK2-1	0.668906648906649	1.8444735645520548e-16	5.0	197.0	15.653559774527022	True	A549	cutting_control	PTK2
PTK2-2	0.9544444444444444	4.7106321225358203e-17	5.0	197.0	15.653559774527022	True	A549	cutting_control	PTK2
RAC1-1	0.10263517939280305	0.1418058990426702	5.0	197.0	0.8483057023800875	False	A549	cutting_control	RAC1
RAC1-2	0.04191172494600603	0.9816822831288129	5.0	197.0	0.008029046846736911	False	A549	cutting_control	RAC1
RAF1-1	0.09256020955577644	0.40201055593058627	5.0	197.0	0.3957625431289219	False	A549	cutting_control	RAF1
RAF1-2	0.06533622361935681	0.6113831530929678	5.0	197.0	0.21368653260300344	False	A549	cutting_control	RAF1
RHOA-1	0.12295380051478133	0.04806311497166111	5.0	197.0	1.3181880859839545	True	A549	cutting_control	RHOA
RHOA-2	0.049679787803162706	0.794784764915858	5.0	197.0	0.0997504663941162	False	A549	cutting_control	RHOA
SDHB-1	0.08811519898754498	0.40201055593058627	5.0	197.0	0.3957625431289219	False	A549	cutting_control	SDHB
SDHB-2	0.21846429270312373	4.555115393895948e-05	5.0	197.0	4.341500616649825	True	A549	cutting_control	SDHB
SLC2A1-1	0.20043173761254482	0.00031625960747875566	5.0	197.0	3.4999562724196633	True	A549	cutting_control	SLC2A1
SLC2A2-2	0.13086997165077915	0.029225937725087837	5.0	197.0	1.5342315454425037	True	A549	cutting_control	SLC2A2
SMARCB1-1	0.05457577447547135	0.8086640818826517	5.0	197.0	0.09223184634973727	False	A549	cutting_control	SMARCB1
SMARCB1-2	0.16506985990958647	0.0024510474770558393	5.0	197.0	2.610648276335164	True	A549	cutting_control	SMARCB1
STAT3-1	0.08740183701231803	0.3435410505783897	5.0	197.0	0.4640213605710315	False	A549	cutting_control	STAT3
STAT3-2	0.07582752191335411	0.6756362801822491	5.0	197.0	0.17028703781638305	False	A549	cutting_control	STAT3
SUZ12-1	0.24307803025294597	1.1543811491340141e-05	5.0	197.0	4.937650773818513	True	A549	cutting_control	SUZ12
SUZ12-2	0.364367650016803	3.177580077976761e-10	5.0	197.0	9.497903496010709	True	A549	cutting_control	SUZ12
TXN-1	0.04702102386884793	0.974075540876678	5.0	197.0	0.011407361690426122	False	A549	cutting_control	TXN
TXN-2	0.05169360434528436	0.9005810059145632	5.0	197.0	0.04547721694835043	False	A549	cutting_control	TXN
XBP-1	0.08361562752165469	0.44778763129790117	5.0	197.0	0.34892790658828954	False	A549	cutting_control	XBP
XBP-2	0.08338643068099982	0.21607703804607076	5.0	197.0	0.6653913820280458	False	A549	cutting_control	XBP
YAP1-1	0.07337793645766168	0.2693686919500524	5.0	197.0	0.5696528826422403	False	A549	cutting_control	YAP1
YAP1-2	0.09500798730856036	0.17009035466900238	5.0	197.0	0.7693203132704218	False	A549	cutting_control	YAP1
AKT1-1	0.2808645457710433	1.0703573259176018e-07	5.0	197.0	6.970471214120301	True	HCC44	cutting_control	AKT1
AKT1-2	0.1286089172390351	0.011625114896260521	5.0	197.0	1.934602746088301	True	HCC44	cutting_control	AKT1
ARID1B-1	0.10661456673608687	0.03953439931650466	5.0	197.0	1.4030248554628937	True	HCC44	cutting_control	ARID1B
ARID1B-2	0.09111682976227851	0.25670863457206117	5.0	197.0	0.5905595232883034	False	HCC44	cutting_control	ARID1B
ATF4-1	0.8649152699152699	2.4792800644925372e-17	5.0	197.0	15.653559774527022	True	HCC44	cutting_control	ATF4
ATF4-2	0.16756702473343377	0.00033264692062339796	5.0	197.0	3.4780164925469745	True	HCC44	cutting_control	ATF4
ATP50-1	0.517998973401755	1.422651189032077e-13	5.0	197.0	12.846901568818115	True	HCC44	cutting_control	ATP50
ATP50-2	0.21315786247869448	1.1195061373967191e-05	5.0	197.0	4.950973521173632	True	HCC44	cutting_control	ATP50
AURKB-2	0.20275582112664692	3.9452710145001364e-05	5.0	197.0	4.403923158219018	True	HCC44	cutting_control	AURKB
BCL2-1	0.08645265756910386	0.25670863457206117	5.0	197.0	0.5905595232883034	False	HCC44	cutting_control	BCL2
BCL2-2	0.16463515735982276	0.0011608109226932109	5.0	197.0	2.9352385140411412	True	HCC44	cutting_control	BCL2
BCL2L2-1	0.19888987105201042	5.758746555635878e-05	5.0	197.0	4.239672034495076	True	HCC44	cutting_control	BCL2L2
BCL2L2-2	0.08322736534178336	0.20640133726997836	5.0	197.0	0.6852874932507806	False	HCC44	cutting_control	BCL2L2
BCL2L2-4	0.4372867581743855	6.019299584963107e-12	5.0	197.0	11.220454040981823	True	HCC44	cutting_control	BCL2L2
BRAF-2	0.1866524611565851	0.00016926690659235983	5.0	197.0	3.771427942595129	True	HCC44	cutting_control	BRAF
BRAF1-1	0.13498042090057102	0.005913526079347956	5.0	197.0	2.228153483558846	True	HCC44	cutting_control	BRAF1
BRCA1-1	0.20559054492471965	4.9383234012838924e-05	5.0	197.0	4.306420472363992	True	HCC44	cutting_control	BRCA1
BRCA1-2	0.10046829310378413	0.18262691607904016	5.0	197.0	0.738435214517257	False	HCC44	cutting_control	BRCA1
BRD4-1	0.9888888888888889	2.4792800644925372e-17	5.0	197.0	15.653559774527022	True	HCC44	cutting_control	BRD4
BRD4-2	1.0	2.4792800644925372e-17	5.0	197.0	15.653559774527022	True	HCC44	cutting_control	BRD4
CCND1-1	0.14782514092069624	0.0046515939022482924	5.0	197.0	2.3323982074670395	True	HCC44	cutting_control	CCND1
CCND1-2	0.22250794072229144	1.141520892594083e-05	5.0	197.0	4.942516135461273	True	HCC44	cutting_control	CCND1
CCNE1-1	1.0	2.4792800644925372e-17	5.0	197.0	15.653559774527022	True	HCC44	cutting_control	CCNE1
CCNE1-2	0.3704788281700886	1.8471307301872657e-11	5.0	197.0	10.733502366395292	True	HCC44	cutting_control	CCNE1
CDK2-1	0.902420634920635	2.4792800644925372e-17	5.0	197.0	15.653559774527022	True	HCC44	cutting_control	CDK2
CDK2-2	1.0	2.4792800644925372e-17	5.0	197.0	15.653559774527022	True	HCC44	cutting_control	CDK2
CDK4-1	0.278589213306667	1.1228271184347922e-07	5.0	197.0	6.94968710686378	True	HCC44	cutting_control	CDK4
CDK4-2	0.16613173985917942	0.003167903854580731	5.0	197.0	2.4992280076566216	True	HCC44	cutting_control	CDK4
CDK4-3	0.12271785995925305	0.02791045428733507	5.0	197.0	1.5542330946157341	True	HCC44	cutting_control	CDK4
CHEK2-1	0.10544218636531381	0.0739903844975567	5.0	197.0	1.1308247158228864	False	HCC44	cutting_control	CHEK2
CHEK2-2	0.16839576724325087	0.0014207119053076618	5.0	197.0	2.847493980214767	True	HCC44	cutting_control	CHEK2
COX5B-1	0.18623026605868276	0.00012396275154741133	5.0	197.0	3.9067087924795834	True	HCC44	cutting_control	COX5B
COX5B-2	0.3635918366843239	1.0113979357418007e-10	5.0	197.0	9.995077937095466	True	HCC44	cutting_control	COX5B
CSNK1A1-1	0.9199037999037999	2.4792800644925372e-17	5.0	197.0	15.653559774527022	True	HCC44	cutting_control	CSNK1A1
CSNK1A1-2	0.31312978187618445	8.420303931895238e-10	5.0	197.0	9.07467223230525	True	HCC44	cutting_control	CSNK1A1
CTNNB1-1	0.19465121430741353	0.0001377174121325218	5.0	197.0	3.861011146780066	True	HCC44	cutting_control	CTNNB1
CTNNB1-2	0.19124226644612186	0.0003600677388832861	5.0	197.0	3.4436157885221235	True	HCC44	cutting_control	CTNNB1
DOT1L-1	0.24163533193975772	6.427285496754389e-06	5.0	197.0	5.191972408521028	True	HCC44	cutting_control	DOT1L
DOT1L-2	0.4219845276741829	4.480818884377104e-13	5.0	197.0	12.348642610004669	True	HCC44	cutting_control	DOT1L
EGFR-1	0.27354434533434674	1.764845129748499e-07	5.0	197.0	6.753293399197774	True	HCC44	cutting_control	EGFR
EGFR-2	0.21325100560641627	0.002908398228004634	5.0	197.0	2.53634612863003	True	HCC44	cutting_control	EGFR
EGLN1-8	0.4757369811660019	5.483273843402202e-14	5.0	197.0	13.260960064218892	True	HCC44	cutting_control	EGLN1
EGLN1-9	0.876388888888889	2.4792800644925372e-17	5.0	197.0	15.653559774527022	True	HCC44	cutting_control	EGLN1
ERBB2-1	0.06546922527262333	0.3689031486239318	5.0	197.0	0.43308763801211336	False	HCC44	cutting_control	ERBB2
ERBB2-2	0.04853148343347441	0.8889883514585719	5.0	197.0	0.051103929615172156	False	HCC44	cutting_control	ERBB2
ERBB3-1	0.14531628102757913	0.0040058564118105044	5.0	197.0	2.397304621861209	True	HCC44	cutting_control	ERBB3
ERBB3-2	0.09729147137727746	0.3689031486239318	5.0	197.0	0.43308763801211336	False	HCC44	cutting_control	ERBB3
EZH2-1	0.47563581470702215	2.265208413688198e-14	5.0	197.0	13.644891833937805	True	HCC44	cutting_control	EZH2
EZH2-2	0.13310031279171713	0.007432589073387744	5.0	197.0	2.1288598774342953	True	HCC44	cutting_control	EZH2
GLS-1	0.20768946420477175	3.9452710145001364e-05	5.0	197.0	4.403923158219018	True	HCC44	cutting_control	GLS
GLS-2	0.11227011776757358	0.026888888648644686	5.0	197.0	1.5704271473391853	True	HCC44	cutting_control	GLS
GPX4-1	0.1632241214620553	0.0005880678106238437	5.0	197.0	3.2305725921521877	True	HCC44	cutting_control	GPX4
GPX4-2	0.22811689691663747	1.141520892594083e-05	5.0	197.0	4.942516135461273	True	HCC44	cutting_control	GPX4
HIF1a-1	0.16320326933937188	0.0011215971315277917	5.0	197.0	2.950163110079311	True	HCC44	cutting_control	HIF1a
HIF1a-2	0.18603968728116102	0.00013469002728845782	5.0	197.0	3.870664559094607	True	HCC44	cutting_control	HIF1a
ITGAV-1	1.0	2.4792800644925372e-17	5.0	197.0	15.653559774527022	True	HCC44	cutting_control	ITGAV
ITGAV-2	1.0	2.4792800644925372e-17	5.0	197.0	15.653559774527022	True	HCC44	cutting_control	ITGAV
JAK3-1	0.23409017858256922	3.795289390470463e-06	5.0	197.0	5.42075510359123	True	HCC44	cutting_control	JAK3
JAK3-2	0.2087130933351614	4.066567603581858e-05	5.0	197.0	4.390772003489614	True	HCC44	cutting_control	JAK3
KIF11-1	1.0	2.4792800644925372e-17	5.0	197.0	15.653559774527022	True	HCC44	cutting_control	KIF11
KIF11-2	1.0	2.4792800644925372e-17	5.0	197.0	15.653559774527022	True	HCC44	cutting_control	KIF11
KRAS-1	0.5625220903394278	2.2198682572266622e-16	5.0	197.0	15.653559774527022	True	HCC44	cutting_control	KRAS
KRAS-2A	0.8862250322776638	2.4792800644925372e-17	5.0	197.0	15.653559774527022	True	HCC44	cutting_control	KRAS
KRAS-2B	0.0706405916395571	0.3071042099096968	5.0	197.0	0.5127142300303315	False	HCC44	cutting_control	KRAS
MAPK1-1	0.08706431000872844	0.113532786339584	5.0	197.0	0.9448787034912531	False	HCC44	cutting_control	MAPK1
MAPK1-2	0.2315258961039681	4.5300011761630715e-06	5.0	197.0	5.343901685227551	True	HCC44	cutting_control	MAPK1
MCL1-2	0.07011660744110158	0.4244551186800062	5.0	197.0	0.3721682247135297	False	HCC44	cutting_control	MCL1
MCL1-5	0.19220664779271693	0.00012396275154741133	5.0	197.0	3.9067087924795834	True	HCC44	cutting_control	MCL1
MTOR-1	0.29869573308720193	1.7165074808699984e-08	5.0	197.0	7.7653542994951605	True	HCC44	cutting_control	MTOR
MTOR-2	0.6623230160518869	1.4661582622927913e-16	5.0	197.0	15.653559774527022	True	HCC44	cutting_control	MTOR
MYC-1	1.0	2.4792800644925372e-17	5.0	197.0	15.653559774527022	True	HCC44	cutting_control	MYC
MYC-2	1.0	2.4792800644925372e-17	5.0	197.0	15.653559774527022	True	HCC44	cutting_control	MYC
PIK3CA-1	0.38382320157446137	9.14365347212122e-12	5.0	197.0	11.038880241273896	True	HCC44	cutting_control	PIK3CA
PIK3CA-2	0.3856291196631137	4.030271036965382e-11	5.0	197.0	10.394665746439447	True	HCC44	cutting_control	PIK3CA
PRDX1-1	0.12320098883838869	0.015991733797064048	5.0	197.0	1.7961044482188782	True	HCC44	cutting_control	PRDX1
PRDX1-2	0.04811037431047471	0.8716453636099598	5.0	197.0	0.05966017556573662	False	HCC44	cutting_control	PRDX1
PTK2-1	0.7090687259836876	4.685141872819329e-16	5.0	197.0	15.329277253516935	True	HCC44	cutting_control	PTK2
PTK2-2	0.9488843813387424	2.4792800644925372e-17	5.0	197.0	15.653559774527022	True	HCC44	cutting_control	PTK2
RAC1-1	0.333271734035881	4.515638473576978e-09	5.0	197.0	8.345280835395332	True	HCC44	cutting_control	RAC1
RAC1-2	0.15312876623831265	0.00740447130829148	5.0	197.0	2.1305059453924198	True	HCC44	cutting_control	RAC1
RAF1-1	0.09021325281238209	0.25670863457206117	5.0	197.0	0.5905595232883034	False	HCC44	cutting_control	RAF1
RAF1-2	0.11646468722565852	0.045688584325113336	5.0	197.0	1.3401922984843813	True	HCC44	cutting_control	RAF1
RHOA-1	0.865026455026455	2.4792800644925372e-17	5.0	197.0	15.653559774527022	True	HCC44	cutting_control	RHOA
RHOA-2	0.9754761904761905	2.4792800644925372e-17	5.0	197.0	15.653559774527022	True	HCC44	cutting_control	RHOA
SDHB-1	0.3332109295184312	9.051150845801852e-10	5.0	197.0	9.04329619712574	True	HCC44	cutting_control	SDHB
SDHB-2	0.7284259259259258	2.4792800644925372e-17	5.0	197.0	15.653559774527022	True	HCC44	cutting_control	SDHB
SLC2A1-1	0.4181635804149521	7.568494921060464e-10	5.0	197.0	9.120990476175816	True	HCC44	cutting_control	SLC2A1
SLC2A2-2	0.4012463977061904	1.1831328032550284e-09	5.0	197.0	8.92696650432917	True	HCC44	cutting_control	SLC2A2
SMARCB1-1	0.5528699232974124	3.9294954845719185e-14	5.0	197.0	13.405663205943075	True	HCC44	cutting_control	SMARCB1
SMARCB1-2	0.25893540599988873	6.663572931207406e-07	5.0	197.0	6.176292844669005	True	HCC44	cutting_control	SMARCB1
STAT3-1	0.14491618279434051	0.003167903854580731	5.0	197.0	2.4992280076566216	True	HCC44	cutting_control	STAT3
STAT3-2	0.08427372032578812	0.15537195685307853	5.0	197.0	0.8086273644475366	False	HCC44	cutting_control	STAT3
SUZ12-1	0.3162361358450552	4.833208438974934e-09	5.0	197.0	8.315764474891202	True	HCC44	cutting_control	SUZ12
SUZ12-2	0.6882801701222755	3.208539520601627e-15	5.0	197.0	14.493692606996602	True	HCC44	cutting_control	SUZ12
TXN-1	0.10316275816221164	0.06279731639104476	5.0	197.0	1.2020589152033054	False	HCC44	cutting_control	TXN
TXN-2	0.08661771381502392	0.34169607395285717	5.0	197.0	0.46636001116437814	False	HCC44	cutting_control	TXN
XBP-1	0.10617334301722069	0.04949275013270217	5.0	197.0	1.3054584133484093	True	HCC44	cutting_control	XBP
XBP-2	0.1630132443880228	0.0007720382627814756	5.0	197.0	3.1123611751784255	True	HCC44	cutting_control	XBP
YAP1-1	0.09295236998352426	0.288523429338803	5.0	197.0	0.5398189145033647	False	HCC44	cutting_control	YAP1
YAP1-2	0.06605514470277174	0.4654812042583105	5.0	197.0	0.3320978507765206	False	HCC44	cutting_control	YAP1
AKT1-1	0.07840442894271582	0.3219288387815733	5.0	197.0	0.49224011693754827	False	ES2	cutting_control	AKT1
AKT1-2	0.05471404350679676	0.808671548150292	5.0	197.0	0.09222783659594667	False	ES2	cutting_control	AKT1
ARID1B-1	0.19274231432761524	8.728890168991564e-05	5.0	197.0	4.059040970970598	True	ES2	cutting_control	ARID1B
ARID1B-2	0.03486837035091451	0.9994921159850396	5.0	197.0	0.000220627256416262	False	ES2	cutting_control	ARID1B
ATF4-1	0.5565267218198661	9.607009261603613e-14	5.0	197.0	13.017411790618063	True	ES2	cutting_control	ATF4
ATF4-2	0.2841313385528646	1.537708261725475e-07	5.0	197.0	6.813126052272556	True	ES2	cutting_control	ATF4
ATP50-1	0.10075726269225123	0.24391850032397824	5.0	197.0	0.6127552587928196	False	ES2	cutting_control	ATP50
ATP50-2	0.10208379970951235	0.24042750122953888	5.0	197.0	0.6190158571804304	False	ES2	cutting_control	ATP50
AURKB-2	0.37031319053847	9.364703598755905e-09	5.0	197.0	8.028505963879972	True	ES2	cutting_control	AURKB
BCL2-1	0.05011002161093675	0.9138671345720786	5.0	197.0	0.03911694093643551	False	ES2	cutting_control	BCL2
BCL2-2	0.07667424797017429	0.18139237529551777	5.0	197.0	0.7413809721638911	False	ES2	cutting_control	BCL2
BCL2L2-1	0.0898878778078503	0.3442915021317363	5.0	197.0	0.4630736965019493	False	ES2	cutting_control	BCL2L2
BCL2L2-2	0.15984803912738094	0.0006146049582771218	5.0	197.0	3.211403940428961	True	ES2	cutting_control	BCL2L2
BCL2L2-4	0.040190559674512134	0.9217265612623372	5.0	197.0	0.03539789732787176	False	ES2	cutting_control	BCL2L2
BRAF-2	0.9510714285714285	2.944145076584888e-17	5.0	197.0	15.653559774527022	True	ES2	cutting_control	BRAF
BRAF1-1	0.47864282648091155	9.738577826381622e-12	5.0	197.0	11.011504460703652	True	ES2	cutting_control	BRAF1
BRCA1-1	0.19517714787214122	0.00017264929340698377	5.0	197.0	3.762835194725913	True	ES2	cutting_control	BRCA1
BRCA1-2	0.0862520604566624	0.2880266569905977	5.0	197.0	0.5405673162401553	False	ES2	cutting_control	BRCA1
BRD4-1	0.35134682158273317	7.056275216633305e-09	5.0	197.0	8.151424488713223	True	ES2	cutting_control	BRD4
BRD4-2	0.6628379706015113	1.4160644611596842e-13	5.0	197.0	12.848916976527075	True	ES2	cutting_control	BRD4
CCND1-1	1.0	2.944145076584888e-17	5.0	197.0	15.653559774527022	True	ES2	cutting_control	CCND1
CCND1-2	1.0	2.944145076584888e-17	5.0	197.0	15.653559774527022	True	ES2	cutting_control	CCND1
CCNE1-1	0.1974074254238516	0.0004037535221360102	5.0	197.0	3.3938836760848363	True	ES2	cutting_control	CCNE1
CCNE1-2	0.14119550344149553	0.004010572816378048	5.0	197.0	2.3967935941564438	True	ES2	cutting_control	CCNE1
CDK2-1	0.4178274849836187	2.9206248523206933e-12	5.0	197.0	11.5345242235914	True	ES2	cutting_control	CDK2
CDK2-2	0.9588095238095238	2.944145076584888e-17	5.0	197.0	15.653559774527022	True	ES2	cutting_control	CDK2
CDK4-1	1.0	2.944145076584888e-17	5.0	197.0	15.653559774527022	True	ES2	cutting_control	CDK4
CDK4-2	0.696593519497433	5.800850387981122e-14	5.0	197.0	13.236508335448129	True	ES2	cutting_control	CDK4
CDK4-3	0.775822975808397	2.4167097650738127e-15	5.0	197.0	14.61677550308653	True	ES2	cutting_control	CDK4
CHEK2-1	0.18903657630186732	5.754885516125628e-05	5.0	197.0	4.239963311514545	True	ES2	cutting_control	CHEK2
CHEK2-2	0.06615327583150071	0.7426778322784491	5.0	197.0	0.12919953887264055	False	ES2	cutting_control	CHEK2
COX5B-1	0.08527171534812113	0.5097191477505872	5.0	197.0	0.2926690517041565	False	ES2	cutting_control	COX5B
COX5B-2	0.08891629044726324	0.24042750122953888	5.0	197.0	0.6190158571804304	False	ES2	cutting_control	COX5B
CSNK1A1-1	0.4907825140667963	4.5749889943708036e-14	5.0	197.0	13.339609946338468	True	ES2	cutting_control	CSNK1A1
CSNK1A1-2	0.18072764474529576	0.000381343494637999	5.0	197.0	3.418683657868207	True	ES2	cutting_control	CSNK1A1
CTNNB1-1	0.4653460399753679	1.8757132729560933e-13	5.0	197.0	12.726833548414335	True	ES2	cutting_control	CTNNB1
CTNNB1-2	0.2645397087392464	3.574742269093386e-07	5.0	197.0	6.446755264393097	True	ES2	cutting_control	CTNNB1
DOT1L-1	0.10396699168627627	0.06455788273379887	5.0	197.0	1.1900507213483487	False	ES2	cutting_control	DOT1L
DOT1L-2	0.14042304891348056	0.006408958551251704	5.0	197.0	2.1932125371256967	True	ES2	cutting_control	DOT1L
EGFR-1	0.2160612220280859	1.079301344404561e-05	5.0	197.0	4.966857281971045	True	ES2	cutting_control	EGFR
EGFR-2	0.14282549201191766	0.006408958551251704	5.0	197.0	2.1932125371256967	True	ES2	cutting_control	EGFR
EGLN1-8	0.5348193375701736	8.751743445891347e-16	5.0	197.0	15.05790542200548	True	ES2	cutting_control	EGLN1
EGLN1-9	1.0	2.944145076584888e-17	5.0	197.0	15.653559774527022	True	ES2	cutting_control	EGLN1
ERBB2-1	0.16435366106063287	0.0011682632793268638	5.0	197.0	2.9324592737698563	True	ES2	cutting_control	ERBB2
ERBB2-2	0.18854933624430334	6.115657502692302e-05	5.0	197.0	4.213556844524567	True	ES2	cutting_control	ERBB2
ERBB3-1	0.11879692213521835	0.06457025839236165	5.0	197.0	1.1899674756639715	False	ES2	cutting_control	ERBB3
ERBB3-2	0.06980309770363353	0.8981160135570323	5.0	197.0	0.04666755999935317	False	ES2	cutting_control	ERBB3
EZH2-1	0.3813973637506729	1.6986398833281932e-10	5.0	197.0	9.769898683085348	True	ES2	cutting_control	EZH2
EZH2-2	0.2954289799067154	3.8625645693063646e-08	5.0	197.0	7.413124247538871	True	ES2	cutting_control	EZH2
GLS-1	0.2112351929671211	2.1919871705219006e-05	5.0	197.0	4.659161992061687	True	ES2	cutting_control	GLS
GLS-2	0.07144323490598645	0.26037536674103773	5.0	197.0	0.5844001053360968	False	ES2	cutting_control	GLS
GPX4-1	1.0	2.944145076584888e-17	5.0	197.0	15.653559774527022	True	ES2	cutting_control	GPX4
GPX4-2	0.7071036034641339	5.800850387981122e-14	5.0	197.0	13.236508335448129	True	ES2	cutting_control	GPX4
HIF1a-1	0.19425563759436537	0.0003210798913198156	5.0	197.0	3.4933868926966736	True	ES2	cutting_control	HIF1a
HIF1a-2	0.19413629029731616	0.0001382118720148013	5.0	197.0	3.8594546506733254	True	ES2	cutting_control	HIF1a
ITGAV-1	0.9822222222222222	2.944145076584888e-17	5.0	197.0	15.653559774527022	True	ES2	cutting_control	ITGAV
ITGAV-2	1.0	2.944145076584888e-17	5.0	197.0	15.653559774527022	True	ES2	cutting_control	ITGAV
JAK3-1	0.12135786377901087	0.05411821928405647	5.0	197.0	1.2666565019456504	False	ES2	cutting_control	JAK3
JAK3-2	0.055161003151093534	0.7982828678211318	5.0	197.0	0.09784319114807097	False	ES2	cutting_control	JAK3
KIF11-1	0.6489379667485721	9.185224587900234e-14	5.0	197.0	13.036910220295209	True	ES2	cutting_control	KIF11
KIF11-2	0.7553124722979687	3.014626880822532e-14	5.0	197.0	13.520766432654009	True	ES2	cutting_control	KIF11
KRAS-1	0.14322931565855623	0.001463857511746862	5.0	197.0	2.834501194366213	True	ES2	cutting_control	KRAS
KRAS-2A	0.14558443180661987	0.017179750352574547	5.0	197.0	1.7649831514062344	True	ES2	cutting_control	KRAS
KRAS-2B	0.047210974171328746	0.9757956860821717	5.0	197.0	0.010641106202077543	False	ES2	cutting_control	KRAS
MAPK1-1	0.9680555555555556	2.944145076584888e-17	5.0	197.0	15.653559774527022	True	ES2	cutting_control	MAPK1
MAPK1-2	1.0	2.944145076584888e-17	5.0	197.0	15.653559774527022	True	ES2	cutting_control	MAPK1
MCL1-2	0.08666455616961843	0.061885066783112015	5.0	197.0	1.208414136054391	False	ES2	cutting_control	MCL1
MCL1-5	0.14063613839179687	0.007590150385274043	5.0	197.0	2.119749619249756	True	ES2	cutting_control	MCL1
MTOR-1	0.39688172523152904	1.8199169387925354e-10	5.0	197.0	9.739948432810111	True	ES2	cutting_control	MTOR
MTOR-2	0.6803801601590713	1.220985802100448e-13	5.0	197.0	12.913289386100391	True	ES2	cutting_control	MTOR
MYC-1	1.0	2.944145076584888e-17	5.0	197.0	15.653559774527022	True	ES2	cutting_control	MYC
MYC-2	1.0	2.944145076584888e-17	5.0	197.0	15.653559774527022	True	ES2	cutting_control	MYC
PIK3CA-1	0.0580258634061472	0.875928708575133	5.0	197.0	0.05753123941680783	False	ES2	cutting_control	PIK3CA
PIK3CA-2	0.14753143917289005	0.008478961502105017	5.0	197.0	2.071657336602258	True	ES2	cutting_control	PIK3CA
PRDX1-1	0.0459486278168967	0.9587406025644828	5.0	197.0	0.01829887991325314	False	ES2	cutting_control	PRDX1
PRDX1-2	0.1160136883536612	0.024633902739775882	5.0	197.0	1.6084667776015114	True	ES2	cutting_control	PRDX1
PTK2-1	0.22596447538168782	3.0230692599647112e-05	5.0	197.0	4.519551902813608	True	ES2	cutting_control	PTK2
PTK2-2	0.3603636694873582	1.878476962844532e-08	5.0	197.0	7.726194126643103	True	ES2	cutting_control	PTK2
RAC1-1	0.12960908031190113	0.026207555443400265	5.0	197.0	1.5815734867586426	True	ES2	cutting_control	RAC1
RAC1-2	0.1393681588880209	0.012206850039835125	5.0	197.0	1.913396390666845	True	ES2	cutting_control	RAC1
RAF1-1	0.11389623160686742	0.08347813288221695	5.0	197.0	1.0784272731669389	False	ES2	cutting_control	RAF1
RAF1-2	0.09363245684375503	0.18240758217107994	5.0	197.0	0.7389571132300713	False	ES2	cutting_control	RAF1
RHOA-1	0.8609399055051229	2.944145076584888e-17	5.0	197.0	15.653559774527022	True	ES2	cutting_control	RHOA
RHOA-2	0.8751455026455027	2.944145076584888e-17	5.0	197.0	15.653559774527022	True	ES2	cutting_control	RHOA
SDHB-1	0.1748344835667928	0.00043668015856543417	5.0	197.0	3.3598365406669535	True	ES2	cutting_control	SDHB
SDHB-2	0.20496169647226067	4.7434544248640865e-05	5.0	197.0	4.323905267766998	True	ES2	cutting_control	SDHB
SLC2A1-1	0.6710278789233621	7.592444382530057e-14	5.0	197.0	13.119618380766136	True	ES2	cutting_control	SLC2A1
SLC2A2-2	0.7608467046238786	9.524332346741217e-15	5.0	197.0	14.021165458517316	True	ES2	cutting_control	SLC2A2
SMARCB1-1	0.23287166530548362	2.37319642937829e-06	5.0	197.0	5.624666313757166	True	ES2	cutting_control	SMARCB1
SMARCB1-2	0.2695221335833499	6.95779280925259e-07	5.0	197.0	6.157528507916403	True	ES2	cutting_control	SMARCB1
STAT3-1	0.037018368044943885	0.9986374505550989	5.0	197.0	0.0005921512145704623	False	ES2	cutting_control	STAT3
STAT3-2	0.059410144234382956	0.6097973845354865	5.0	197.0	0.21481444268667904	False	ES2	cutting_control	STAT3
SUZ12-1	0.18790108841296294	0.00024288212178281163	5.0	197.0	3.614604451834754	True	ES2	cutting_control	SUZ12
SUZ12-2	0.34695494945574823	4.892123194932551e-08	5.0	197.0	7.310502614962462	True	ES2	cutting_control	SUZ12
TXN-1	0.14544469435648286	0.001048545642903272	5.0	197.0	2.979412660067889	True	ES2	cutting_control	TXN
TXN-2	0.08265674995297202	0.18139237529551777	5.0	197.0	0.7413809721638911	False	ES2	cutting_control	TXN
XBP-1	0.1927512641327247	0.0002562666030307468	5.0	197.0	3.591307987902822	True	ES2	cutting_control	XBP
XBP-2	0.28332309749666534	6.478414973209594e-08	5.0	197.0	7.1885312368131915	True	ES2	cutting_control	XBP
YAP1-1	0.3658693024729294	2.3439809278940275e-10	5.0	197.0	9.630045926333162	True	ES2	cutting_control	YAP1
YAP1-2	1.0	2.944145076584888e-17	5.0	197.0	15.653559774527022	True	ES2	cutting_control	YAP1
AKT1-1	0.06065081778447373	0.8527643101802577	5.0	173.0	0.06917098399306554	False	A549	perturbation_control	AKT1
AKT1-2	0.07135505142495471	0.7502319110742869	5.0	173.0	0.12480446709981419	False	A549	perturbation_control	AKT1
ARID1B-1	0.09733293341998962	0.33504416020634936	5.0	173.0	0.4748979473811349	False	A549	perturbation_control	ARID1B
ARID1B-2	0.11048961518788473	0.2995126730303905	5.0	173.0	0.523584796945032	False	A549	perturbation_control	ARID1B
ATF4-1	0.5749295829442888	6.300565863332192e-15	5.0	173.0	14.200620444151703	True	A549	perturbation_control	ATF4
ATF4-2	0.8507936507936509	6.729474460765457e-17	5.0	173.0	15.653559774527022	True	A549	perturbation_control	ATF4
ATP50-1	0.18219643788125214	0.0029629596544911755	5.0	173.0	2.528274262104541	True	A549	perturbation_control	ATP50
ATP50-2	0.27679216791827227	2.540107409710356e-06	5.0	173.0	5.595147918632723	True	A549	perturbation_control	ATP50
AURKB-2	0.04486545725143536	0.999899313778813	5.0	173.0	4.372967178984138e-05	False	A549	perturbation_control	AURKB
BCL2-1	0.05854734481244022	0.9526526299813158	5.0	173.0	0.021065429249913035	False	A549	perturbation_control	BCL2
BCL2-2	0.11621430096687702	0.24113213987775534	5.0	173.0	0.6177448997789436	False	A549	perturbation_control	BCL2
BCL2L2-1	0.04220435152000007	0.9526526299813158	5.0	173.0	0.021065429249913035	False	A549	perturbation_control	BCL2L2
BCL2L2-2	0.044640522107758436	0.999899313778813	5.0	173.0	4.372967178984138e-05	False	A549	perturbation_control	BCL2L2
BCL2L2-4	0.09279564912965645	0.47264378008003266	5.0	173.0	0.3254660529817733	False	A549	perturbation_control	BCL2L2
BRAF-2	0.07612264084300009	0.4600572496332245	5.0	173.0	0.33718812124724123	False	A549	perturbation_control	BRAF
BRAF1-1	0.07601784695968032	0.9377981380250879	5.0	173.0	0.0278906338772212	False	A549	perturbation_control	BRAF1
BRCA1-1	0.11684815938145358	0.12822628550421677	5.0	173.0	0.8920229383172738	False	A549	perturbation_control	BRCA1
BRCA1-2	0.176398517272369	0.0024841785653926273	5.0	173.0	2.604817189824997	True	A549	perturbation_control	BRCA1
BRD4-1	0.07061515638108636	0.859640688106919	5.0	173.0	0.06568303687287132	False	A549	perturbation_control	BRD4
BRD4-2	0.5429914295274872	6.356553230169515e-11	5.0	173.0	10.196778311849483	True	A549	perturbation_control	BRD4
CCND1-1	0.3949388899164508	1.9964655503499624e-09	5.0	173.0	8.699738179294835	True	A549	perturbation_control	CCND1
CCND1-2	0.7711100011100012	6.729474460765457e-17	5.0	173.0	15.653559774527022	True	A549	perturbation_control	CCND1
CCNE1-1	0.52878293003293	7.260041741707358e-14	5.0	173.0	13.13906088231078	True	A549	perturbation_control	CCNE1
CCNE1-2	0.4545339137986197	1.0143763817712827e-11	5.0	173.0	10.99380087123858	True	A549	perturbation_control	CCNE1
CDK2-1	0.17771770620043506	0.0017523460672774448	5.0	173.0	2.7563801217596926	True	A549	perturbation_control	CDK2
CDK2-2	0.6276130568777628	1.393520396920017e-13	5.0	173.0	12.855886670147676	True	A549	perturbation_control	CDK2
CDK4-1	0.3052998277193168	8.968389323595336e-07	5.0	173.0	6.04728554699882	True	A549	perturbation_control	CDK4
CDK4-2	0.16538844025789845	0.009452439415683345	5.0	173.0	2.024456097516734	True	A549	perturbation_control	CDK4
CDK4-3	0.3786486862742578	2.3752291937338836e-09	5.0	173.0	8.624294477503787	True	A549	perturbation_control	CDK4
CHEK2-1	0.09056815470552404	0.559273652504376	5.0	173.0	0.2523756398912908	False	A549	perturbation_control	CHEK2
CHEK2-2	0.05296715132784161	0.9921426862400946	5.0	173.0	0.0034258647505478277	False	A549	perturbation_control	CHEK2
COX5B-1	0.04357692074504225	0.999899313778813	5.0	173.0	4.372967178984138e-05	False	A549	perturbation_control	COX5B
COX5B-2	0.13689344846092683	0.03987870202752808	5.0	173.0	1.3992589855523532	True	A549	perturbation_control	COX5B
CSNK1A1-1	0.7765873015873016	3.807334196626175e-16	5.0	173.0	15.419379000416928	True	A549	perturbation_control	CSNK1A1
CSNK1A1-2	0.31489026781953816	2.1866657488089854e-07	5.0	173.0	6.660217597640012	True	A549	perturbation_control	CSNK1A1
CTNNB1-1	0.2510633799351776	1.7536994441722e-05	5.0	173.0	4.756044835669081	True	A549	perturbation_control	CTNNB1
CTNNB1-2	0.06992538573763697	0.5916526688671087	5.0	173.0	0.22793317209872282	False	A549	perturbation_control	CTNNB1
DOT1L-1	0.084181060980558	0.6536063764477478	5.0	173.0	0.18468371956841506	False	A549	perturbation_control	DOT1L
DOT1L-2	0.0723148818705132	0.5971902783119534	5.0	173.0	0.22388727078934129	False	A549	perturbation_control	DOT1L
EGFR-1	0.11223251184011818	0.12001461666934055	5.0	173.0	0.92076585768352	False	A549	perturbation_control	EGFR
EGFR-2	0.3205450795573993	2.314577997853232e-07	5.0	173.0	6.635528179553238	True	A549	perturbation_control	EGFR
EGLN1-8	0.1295579144062747	0.06750133510340275	5.0	173.0	1.1706876372088808	False	A549	perturbation_control	EGLN1
EGLN1-9	0.16508627017351016	0.0038845126200505813	5.0	173.0	2.4106634632725115	True	A549	perturbation_control	EGLN1
ERBB2-1	0.46066686461238215	9.890198112873976e-12	5.0	173.0	11.004795008861242	True	A549	perturbation_control	ERBB2
ERBB2-2	0.25238539497290297	1.6388780101788376e-05	5.0	173.0	4.7854533719193695	True	A549	perturbation_control	ERBB2
ERBB3-1	0.12684324884217205	0.1023668804311947	5.0	173.0	0.9898405313733891	False	A549	perturbation_control	ERBB3
ERBB3-2	0.09388731786041975	0.4600572496332245	5.0	173.0	0.33718812124724123	False	A549	perturbation_control	ERBB3
EZH2-1	0.2276956171458655	7.928057524933036e-05	5.0	173.0	4.100833207328236	True	A549	perturbation_control	EZH2
EZH2-2	0.14176409590296438	0.04380816549630525	5.0	173.0	1.3584449328869463	True	A549	perturbation_control	EZH2
GLS-1	0.12827237615480655	0.08776929021158192	5.0	173.0	1.056657413759619	False	A549	perturbation_control	GLS
GLS-2	0.581654500183912	3.6653956557319784e-16	5.0	173.0	15.43587913921473	True	A549	perturbation_control	GLS
GPX4-1	0.08925520758265237	0.649539726899022	5.0	173.0	0.1873942816265166	False	A549	perturbation_control	GPX4
GPX4-2	0.10618074124934983	0.43333199503967895	5.0	173.0	0.3631792436769336	False	A549	perturbation_control	GPX4
HIF1a-1	0.1555763705132504	0.05745881570378763	5.0	173.0	1.2406433295903374	False	A549	perturbation_control	HIF1a
HIF1a-2	0.05736159851910134	0.9526526299813158	5.0	173.0	0.021065429249913035	False	A549	perturbation_control	HIF1a
ITGAV-1	1.0	6.729474460765457e-17	5.0	173.0	15.653559774527022	True	A549	perturbation_control	ITGAV
ITGAV-2	1.0	6.729474460765457e-17	5.0	173.0	15.653559774527022	True	A549	perturbation_control	ITGAV
JAK3-1	0.1280828203606609	0.1048965234924696	5.0	173.0	0.9792389050672241	False	A549	perturbation_control	JAK3
JAK3-2	0.06919626192784396	0.859640688106919	5.0	173.0	0.06568303687287132	False	A549	perturbation_control	JAK3
KIF11-1	0.49560512023618314	6.242456195600591e-13	5.0	173.0	12.204644496485736	True	A549	perturbation_control	KIF11
KIF11-2	0.5400757186283501	9.370283745638659e-16	5.0	173.0	15.028247257852954	True	A549	perturbation_control	KIF11
KRAS-1	0.4363026201023621	6.000980824820871e-11	5.0	173.0	10.221777760950582	True	A549	perturbation_control	KRAS
KRAS-2A	0.6943128563625743	2.1185737665553625e-15	5.0	173.0	14.673956409713405	True	A549	perturbation_control	KRAS
KRAS-2B	0.06163001359166906	0.9526526299813158	5.0	173.0	0.021065429249913035	False	A549	perturbation_control	KRAS
MAPK1-1	0.056130036156972256	0.9526526299813158	5.0	173.0	0.021065429249913035	False	A549	perturbation_control	MAPK1
MAPK1-2	0.2122730535969164	0.0006447451707062334	5.0	173.0	3.1906119021461925	True	A549	perturbation_control	MAPK1
MCL1-2	0.0459044297236002	0.999899313778813	5.0	173.0	4.372967178984138e-05	False	A549	perturbation_control	MCL1
MCL1-5	0.05747973556407567	0.9526526299813158	5.0	173.0	0.021065429249913035	False	A549	perturbation_control	MCL1
MTOR-1	0.3952944724159512	1.2647446668564843e-08	5.0	173.0	7.897997143237587	True	A549	perturbation_control	MTOR
MTOR-2	0.34096642309146247	2.3019436679780321e-07	5.0	173.0	6.637905308415018	True	A549	perturbation_control	MTOR
MYC-1	1.0	6.729474460765457e-17	5.0	173.0	15.653559774527022	True	A549	perturbation_control	MYC
MYC-2	0.887849927849928	6.729474460765457e-17	5.0	173.0	15.653559774527022	True	A549	perturbation_control	MYC
PIK3CA-1	0.4371783150324491	5.176461335654553e-09	5.0	173.0	8.285967025499946	True	A549	perturbation_control	PIK3CA
PIK3CA-2	0.28276787897783723	3.5858699703821916e-05	5.0	173.0	4.445405462729596	True	A549	perturbation_control	PIK3CA
PRDX1-1	0.06264049297167944	0.8440524328568074	5.0	173.0	0.07363057399865024	False	A549	perturbation_control	PRDX1
PRDX1-2	0.038000941270739705	0.999899313778813	5.0	173.0	4.372967178984138e-05	False	A549	perturbation_control	PRDX1
PTK2-1	0.7740482665482665	3.807334196626175e-16	5.0	173.0	15.419379000416928	True	A549	perturbation_control	PTK2
PTK2-2	0.971031746031746	6.729474460765457e-17	5.0	173.0	15.653559774527022	True	A549	perturbation_control	PTK2
RAC1-1	0.07350212226344516	0.5983351136095271	5.0	173.0	0.22305550961093398	False	A549	perturbation_control	RAC1
RAC1-2	0.04785791915606976	0.9721740457665631	5.0	173.0	0.012255977512478805	False	A549	perturbation_control	RAC1
RAF1-1	0.10742905502443405	0.3831662081417421	5.0	173.0	0.4166127988228388	False	A549	perturbation_control	RAF1
RAF1-2	0.11038857755559771	0.156748776857772	5.0	173.0	0.8047958393712029	False	A549	perturbation_control	RAF1
RHOA-1	0.13521072796343384	0.06837647414766984	5.0	173.0	1.1650932974804917	False	A549	perturbation_control	RHOA
RHOA-2	0.07373256317482078	0.6785311141210121	5.0	173.0	0.16843023292502954	False	A549	perturbation_control	RHOA
SDHB-1	0.07520131155537527	0.6442663707585926	5.0	173.0	0.19093453724769524	False	A549	perturbation_control	SDHB
SDHB-2	0.2281925345738521	0.00022410692323674732	5.0	173.0	3.6495447267890215	True	A549	perturbation_control	SDHB
SLC2A1-1	0.2854192372556092	2.540107409710356e-06	5.0	173.0	5.595147918632723	True	A549	perturbation_control	SLC2A1
SLC2A2-2	0.1500680612131786	0.023544764328156793	5.0	173.0	1.628105652279797	True	A549	perturbation_control	SLC2A2
SMARCB1-1	0.0646559450125485	0.8792126897885324	5.0	173.0	0.05590605231185803	False	A549	perturbation_control	SMARCB1
SMARCB1-2	0.16668924674592356	0.006731541644899798	5.0	173.0	2.171885463086546	True	A549	perturbation_control	SMARCB1
STAT3-1	0.1497768165398128	0.03987870202752808	5.0	173.0	1.3992589855523532	True	A549	perturbation_control	STAT3
STAT3-2	0.10518986331571441	0.3326564946591088	5.0	173.0	0.47800399313457553	False	A549	perturbation_control	STAT3
SUZ12-1	0.33120599097470954	6.469363416746385e-08	5.0	173.0	7.189138451664512	True	A549	perturbation_control	SUZ12
SUZ12-2	0.3430867371790219	9.688002989409672e-08	5.0	173.0	7.013765735855515	True	A549	perturbation_control	SUZ12
TXN-1	0.1019603353572679	0.3846627720401896	5.0	173.0	0.41491984301437956	False	A549	perturbation_control	TXN
TXN-2	0.11426882376363727	0.14526073576254483	5.0	173.0	0.8378517604169203	False	A549	perturbation_control	TXN
XBP-1	0.19664711967477322	0.0038656293862681028	5.0	173.0	2.4127797859034734	True	A549	perturbation_control	XBP
XBP-2	0.28761140304610816	2.806963949766965e-06	5.0	173.0	5.5517631650348935	True	A549	perturbation_control	XBP
YAP1-1	0.09508022043777536	0.3846627720401896	5.0	173.0	0.41491984301437956	False	A549	perturbation_control	YAP1
YAP1-2	0.10605898869395226	0.25144268522510416	5.0	173.0	0.5995609940163338	False	A549	perturbation_control	YAP1
AKT1-1	0.2872431070468757	5.70829956628065e-07	5.0	173.0	6.243493243586678	True	HCC44	perturbation_control	AKT1
AKT1-2	0.10521036536714844	0.1076091395427989	5.0	173.0	0.9681508412677702	False	HCC44	perturbation_control	AKT1
ARID1B-1	0.11547135919934455	0.09666665520359258	5.0	173.0	1.01472330832088	False	HCC44	perturbation_control	ARID1B
ARID1B-2	0.10287716246447325	0.2411518253888175	5.0	173.0	0.6177094463554497	False	HCC44	perturbation_control	ARID1B
ATF4-1	0.8699591149591149	2.6170178458532336e-17	5.0	173.0	15.653559774527022	True	HCC44	perturbation_control	ATF4
ATF4-2	0.19026197696407762	0.0007385044975322935	5.0	173.0	3.131646855467117	True	HCC44	perturbation_control	ATF4
ATP50-1	0.6342149690704458	3.41568685095644e-14	5.0	173.0	13.466521952132801	True	HCC44	perturbation_control	ATP50
ATP50-2	0.42571502997549304	8.743764833846685e-11	5.0	173.0	10.058301531380417	True	HCC44	perturbation_control	ATP50
AURKB-2	0.23337761720039343	3.25347673135914e-05	5.0	173.0	4.487652294963156	True	HCC44	perturbation_control	AURKB
BCL2-1	0.07022559705555745	0.6276847958516685	5.0	173.0	0.20225839095689413	False	HCC44	perturbation_control	BCL2
BCL2-2	0.10455839103673721	0.04250712161787681	5.0	173.0	1.371538302414581	True	HCC44	perturbation_control	BCL2
BCL2L2-1	0.39925181699689655	9.150181048702873e-09	5.0	173.0	8.038570312745057	True	HCC44	perturbation_control	BCL2L2
BCL2L2-2	0.04933665605178148	0.7106548361464486	5.0	173.0	0.1483412841574565	False	HCC44	perturbation_control	BCL2L2
BCL2L2-4	0.46679085442743107	1.8471066137927275e-11	5.0	173.0	10.73350803664119	True	HCC44	perturbation_control	BCL2L2
BRAF-2	0.13848889571180625	0.03200073788772774	5.0	173.0	1.4948400074027899	True	HCC44	perturbation_control	BRAF
BRAF1-1	0.10159987158960994	0.08399222049590081	5.0	173.0	1.075760937178155	False	HCC44	perturbation_control	BRAF1
BRCA1-1	0.21190209097358262	0.00015577925567015696	5.0	173.0	3.8074903755967417	True	HCC44	perturbation_control	BRCA1
BRCA1-2	0.09707270312394706	0.3640533022471358	5.0	173.0	0.43883502520514733	False	HCC44	perturbation_control	BRCA1
BRD4-1	0.9613095238095238	2.6170178458532336e-17	5.0	173.0	15.653559774527022	True	HCC44	perturbation_control	BRD4
BRD4-2	0.984920634920635	2.6170178458532336e-17	5.0	173.0	15.653559774527022	True	HCC44	perturbation_control	BRD4
CCND1-1	0.11680721165475855	0.029358402951568777	5.0	173.0	1.532267573012974	True	HCC44	perturbation_control	CCND1
CCND1-2	0.2399158158707787	1.0111919409420127e-05	5.0	173.0	4.995166400314025	True	HCC44	perturbation_control	CCND1
CCNE1-1	1.0	2.6170178458532336e-17	5.0	173.0	15.653559774527022	True	HCC44	perturbation_control	CCNE1
CCNE1-2	0.45751041333703224	2.3929546022853757e-12	5.0	173.0	11.62106554048559	True	HCC44	perturbation_control	CCNE1
CDK2-1	0.8752324064824065	2.6170178458532336e-17	5.0	173.0	15.653559774527022	True	HCC44	perturbation_control	CDK2
CDK2-2	0.9424074074074075	2.6170178458532336e-17	5.0	173.0	15.653559774527022	True	HCC44	perturbation_control	CDK2
CDK4-1	0.3547616977986942	2.758537681574404e-08	5.0	173.0	7.559321079211022	True	HCC44	perturbation_control	CDK4
CDK4-2	0.1840711346045298	0.002702283539035673	5.0	173.0	2.5682690842636093	True	HCC44	perturbation_control	CDK4
CDK4-3	0.21855105307735825	0.00012353928472605196	5.0	173.0	3.9081949174910235	True	HCC44	perturbation_control	CDK4
CHEK2-1	0.06971326984271925	0.6277186694057346	5.0	173.0	0.20223495451112342	False	HCC44	perturbation_control	CHEK2
CHEK2-2	0.11633880812454674	0.184907058380285	5.0	173.0	0.7330465103816556	False	HCC44	perturbation_control	CHEK2
COX5B-1	0.16449209067279238	0.0036581545958758303	5.0	173.0	2.4367379449183537	True	HCC44	perturbation_control	COX5B
COX5B-2	0.47146057192374596	4.494750296070196e-11	5.0	173.0	10.347294430304741	True	HCC44	perturbation_control	COX5B
CSNK1A1-1	0.8402225672877847	2.6170178458532336e-17	5.0	173.0	15.653559774527022	True	HCC44	perturbation_control	CSNK1A1
CSNK1A1-2	0.30409668596699857	4.499670240887203e-07	5.0	173.0	6.346819312404788	True	HCC44	perturbation_control	CSNK1A1
CTNNB1-1	0.20263033061800276	0.00031779829339855767	5.0	173.0	3.497848439317372	True	HCC44	perturbation_control	CTNNB1
CTNNB1-2	0.17245104902429534	0.005298480202650598	5.0	173.0	2.2758486840322525	True	HCC44	perturbation_control	CTNNB1
DOT1L-1	0.1734808599442947	0.0019713461879629452	5.0	173.0	2.705237102600325	True	HCC44	perturbation_control	DOT1L
DOT1L-2	0.36863462537863895	1.893682322813627e-09	5.0	173.0	8.722692874868494	True	HCC44	perturbation_control	DOT1L
EGFR-1	0.17121727739710965	0.002931567893023351	5.0	173.0	2.5329000434119946	True	HCC44	perturbation_control	EGFR
EGFR-2	0.2187743287563012	0.006653450107010289	5.0	173.0	2.1769530954659313	True	HCC44	perturbation_control	EGFR
EGLN1-8	0.5165582833679979	5.809622251895369e-13	5.0	173.0	12.235852105002227	True	HCC44	perturbation_control	EGLN1
EGLN1-9	0.8743650793650793	2.6170178458532336e-17	5.0	173.0	15.653559774527022	True	HCC44	perturbation_control	EGLN1
ERBB2-1	0.049177655373009825	0.9039700683982844	5.0	173.0	0.04384594933068326	False	HCC44	perturbation_control	ERBB2
ERBB2-2	0.05960075897981084	0.9102097193422212	5.0	173.0	0.04085853134977771	False	HCC44	perturbation_control	ERBB2
ERBB3-1	0.18719618081713896	0.00153129528434519	5.0	173.0	2.814941054895192	True	HCC44	perturbation_control	ERBB3
ERBB3-2	0.09963867383633361	0.4128584141621623	5.0	173.0	0.3841988599430609	False	HCC44	perturbation_control	ERBB3
EZH2-1	0.3661212217729457	1.9699767589352116e-09	5.0	173.0	8.70553889745553	True	HCC44	perturbation_control	EZH2
EZH2-2	0.1642065510330926	0.0071239285531890136	5.0	173.0	2.1472804447831004	True	HCC44	perturbation_control	EZH2
GLS-1	0.20992102216038686	0.0002638719302963492	5.0	173.0	3.5786068059367215	True	HCC44	perturbation_control	GLS
GLS-2	0.28851424004749976	6.939835937202308e-05	5.0	173.0	4.158650796463004	True	HCC44	perturbation_control	GLS
GPX4-1	0.11469921574310142	0.0482365083235004	5.0	173.0	1.3166241368280862	True	HCC44	perturbation_control	GPX4
GPX4-2	0.11355136454053495	0.04470466127605996	5.0	173.0	1.349647191388662	True	HCC44	perturbation_control	GPX4
HIF1a-1	0.1365166258832791	0.03481316022864813	5.0	173.0	1.4582565510458663	True	HCC44	perturbation_control	HIF1a
HIF1a-2	0.13366865231232236	0.021064413971842784	5.0	173.0	1.6764506187747408	True	HCC44	perturbation_control	HIF1a
ITGAV-1	1.0	2.6170178458532336e-17	5.0	173.0	15.653559774527022	True	HCC44	perturbation_control	ITGAV
ITGAV-2	1.0	2.6170178458532336e-17	5.0	173.0	15.653559774527022	True	HCC44	perturbation_control	ITGAV
JAK3-1	0.2090715078735683	0.00030703004650612547	5.0	173.0	3.512819121613077	True	HCC44	perturbation_control	JAK3
JAK3-2	0.1595174287627945	0.00481668062191714	5.0	173.0	2.3172521493545366	True	HCC44	perturbation_control	JAK3
KIF11-1	0.9793650793650794	2.6170178458532336e-17	5.0	173.0	15.653559774527022	True	HCC44	perturbation_control	KIF11
KIF11-2	0.9321031746031747	2.6170178458532336e-17	5.0	173.0	15.653559774527022	True	HCC44	perturbation_control	KIF11
KRAS-1	0.6263843563843564	2.0038601034874605e-16	5.0	173.0	15.653559774527022	True	HCC44	perturbation_control	KRAS
KRAS-2A	0.9339705882352942	2.6170178458532336e-17	5.0	173.0	15.653559774527022	True	HCC44	perturbation_control	KRAS
KRAS-2B	0.07804161465777498	0.3812005208287525	5.0	173.0	0.418846514663043	False	HCC44	perturbation_control	KRAS
MAPK1-1	0.0722521981755091	0.49779764539645566	5.0	173.0	0.30294716195351	False	HCC44	perturbation_control	MAPK1
MAPK1-2	0.11824659614888812	0.06627229006146133	5.0	173.0	1.1786680219564811	False	HCC44	perturbation_control	MAPK1
MCL1-2	0.0755414763727791	0.4172287979465781	5.0	173.0	0.3796257233575452	False	HCC44	perturbation_control	MCL1
MCL1-5	0.2138254605428123	0.000773616621729964	5.0	173.0	3.111474207684035	True	HCC44	perturbation_control	MCL1
MTOR-1	0.35049111771131497	1.478167189691314e-07	5.0	173.0	6.830276441818106	True	HCC44	perturbation_control	MTOR
MTOR-2	0.7115241281697865	6.868194527991344e-16	5.0	173.0	15.163157412806868	True	HCC44	perturbation_control	MTOR
MYC-1	0.9888888888888889	2.6170178458532336e-17	5.0	173.0	15.653559774527022	True	HCC44	perturbation_control	MYC
MYC-2	1.0	2.6170178458532336e-17	5.0	173.0	15.653559774527022	True	HCC44	perturbation_control	MYC
PIK3CA-1	0.5342247273896891	5.332742989358934e-15	5.0	173.0	14.273049346561427	True	HCC44	perturbation_control	PIK3CA
PIK3CA-2	0.45223633779965633	8.89934706697121e-12	5.0	173.0	11.050641855783581	True	HCC44	perturbation_control	PIK3CA
PRDX1-1	0.07549972776713101	0.4128584141621623	5.0	173.0	0.3841988599430609	False	HCC44	perturbation_control	PRDX1
PRDX1-2	0.07192264154016341	0.3957326668968113	5.0	173.0	0.4025980981609263	False	HCC44	perturbation_control	PRDX1
PTK2-1	0.7455116397763457	6.868194527991344e-16	5.0	173.0	15.163157412806868	True	HCC44	perturbation_control	PTK2
PTK2-2	0.9583333333333334	2.6170178458532336e-17	5.0	173.0	15.653559774527022	True	HCC44	perturbation_control	PTK2
RAC1-1	0.33513080526689576	1.478167189691314e-07	5.0	173.0	6.830276441818106	True	HCC44	perturbation_control	RAC1
RAC1-2	0.10905003892908598	0.1926374887992386	5.0	173.0	0.7152591917996681	False	HCC44	perturbation_control	RAC1
RAF1-1	0.19761756126568197	0.0010161873018554905	5.0	173.0	2.993026236279243	True	HCC44	perturbation_control	RAF1
RAF1-2	0.09259069668280152	0.184907058380285	5.0	173.0	0.7330465103816556	False	HCC44	perturbation_control	RAF1
RHOA-1	0.8579388422035481	2.7499777949852634e-16	5.0	173.0	15.560670812916758	True	HCC44	perturbation_control	RHOA
RHOA-2	1.0	2.6170178458532336e-17	5.0	173.0	15.653559774527022	True	HCC44	perturbation_control	RHOA
SDHB-1	0.48208951490168817	1.118069335147573e-12	5.0	173.0	11.951531263588857	True	HCC44	perturbation_control	SDHB
SDHB-2	0.844457671957672	2.6170178458532336e-17	5.0	173.0	15.653559774527022	True	HCC44	perturbation_control	SDHB
SLC2A1-1	0.5890246611777348	4.904891931148934e-13	5.0	173.0	12.309370556932906	True	HCC44	perturbation_control	SLC2A1
SLC2A2-2	0.4559606229264768	2.538962834780103e-09	5.0	173.0	8.595343656262179	True	HCC44	perturbation_control	SLC2A2
SMARCB1-1	0.5292989696288015	7.054105163549999e-13	5.0	173.0	12.151558070099629	True	HCC44	perturbation_control	SMARCB1
SMARCB1-2	0.26113646305118215	3.285787734803923e-05	5.0	173.0	4.483360495855593	True	HCC44	perturbation_control	SMARCB1
STAT3-1	0.09185495443628211	0.3957326668968113	5.0	173.0	0.4025980981609263	False	HCC44	perturbation_control	STAT3
STAT3-2	0.09376802905316313	0.09666665520359258	5.0	173.0	1.01472330832088	False	HCC44	perturbation_control	STAT3
SUZ12-1	0.2860096828645228	8.517278395352156e-07	5.0	173.0	6.069699157193925	True	HCC44	perturbation_control	SUZ12
SUZ12-2	0.7451721644368704	9.02122508112194e-16	5.0	173.0	15.044734481322402	True	HCC44	perturbation_control	SUZ12
TXN-1	0.13333043509119477	0.018588961666379345	5.0	173.0	1.7307448681708588	True	HCC44	perturbation_control	TXN
TXN-2	0.0872782271213262	0.5082078213156765	5.0	173.0	0.29395865544444244	False	HCC44	perturbation_control	TXN
XBP-1	0.1643777902757453	0.012629129148194735	5.0	173.0	1.8986265955391297	True	HCC44	perturbation_control	XBP
XBP-2	0.16588880420270388	0.0036581545958758303	5.0	173.0	2.4367379449183537	True	HCC44	perturbation_control	XBP
YAP1-1	0.09732220663331655	0.3957326668968113	5.0	173.0	0.4025980981609263	False	HCC44	perturbation_control	YAP1
YAP1-2	0.07986453722793023	0.49228771589594583	5.0	173.0	0.3077810010851901	False	HCC44	perturbation_control	YAP1
AKT1-1	0.07815016942988834	0.23215729685409697	5.0	173.0	0.6342176616266357	False	ES2	perturbation_control	AKT1
AKT1-2	0.04060140183251384	0.9503288073403964	5.0	173.0	0.02212610575650724	False	ES2	perturbation_control	AKT1
ARID1B-1	0.21741031651376455	0.00012013135883407508	5.0	173.0	3.9203436104912677	True	ES2	perturbation_control	ARID1B
ARID1B-2	0.03638154397878703	0.9999220499079424	5.0	173.0	3.385461434675167e-05	False	ES2	perturbation_control	ARID1B
ATF4-1	0.33761026099755004	4.153557883864884e-08	5.0	173.0	7.381579732840987	True	ES2	perturbation_control	ATF4
ATF4-2	0.34037831813904246	3.5156789738644974e-08	5.0	173.0	7.453990788389052	True	ES2	perturbation_control	ATF4
ATP50-1	0.1159525760348797	0.19350547801797977	5.0	173.0	0.7133067358682996	False	ES2	perturbation_control	ATP50
ATP50-2	0.14992463522687938	0.01694522854177796	5.0	173.0	1.7709525694194785	True	ES2	perturbation_control	ATP50
AURKB-2	0.25404766884087837	1.9552162485693186e-05	5.0	173.0	4.708805202274962	True	ES2	perturbation_control	AURKB
BCL2-1	0.09242933581980488	0.4227039352650162	5.0	173.0	0.37396370898213355	False	ES2	perturbation_control	BCL2
BCL2-2	0.10596279092772021	0.14600479741970934	5.0	173.0	0.8356328739506512	False	ES2	perturbation_control	BCL2
BCL2L2-1	0.0933065680105221	0.4761653107613452	5.0	173.0	0.3222422466751131	False	ES2	perturbation_control	BCL2L2
BCL2L2-2	0.19135630399436657	0.000794433056843991	5.0	173.0	3.0999426928784346	True	ES2	perturbation_control	BCL2L2
BCL2L2-4	0.04122682385872136	0.9999220499079424	5.0	173.0	3.385461434675167e-05	False	ES2	perturbation_control	BCL2L2
BRAF-2	0.9135416666666667	2.944145076584888e-17	5.0	173.0	15.653559774527022	True	ES2	perturbation_control	BRAF
BRAF1-1	0.4561563814146797	7.726675489009361e-11	5.0	173.0	10.112007327212979	True	ES2	perturbation_control	BRAF1
BRCA1-1	0.2987116081858212	2.8706427570148196e-07	5.0	173.0	6.542020850802225	True	ES2	perturbation_control	BRCA1
BRCA1-2	0.0720814141453568	0.5376115489147822	5.0	173.0	0.26953141038561346	False	ES2	perturbation_control	BRCA1
BRD4-1	0.4390671679554345	1.2718719827282392e-10	5.0	173.0	9.895556599373629	True	ES2	perturbation_control	BRD4
BRD4-2	0.6461804253049516	1.4610861635067434e-13	5.0	173.0	12.835324171997176	True	ES2	perturbation_control	BRD4
CCND1-1	1.0	2.944145076584888e-17	5.0	173.0	15.653559774527022	True	ES2	perturbation_control	CCND1
CCND1-2	1.0	2.944145076584888e-17	5.0	173.0	15.653559774527022	True	ES2	perturbation_control	CCND1
CCNE1-1	0.17036973057052895	0.004221318393963251	5.0	173.0	2.3745518898436013	True	ES2	perturbation_control	CCNE1
CCNE1-2	0.17979377500428742	0.0012437168561408034	5.0	173.0	2.905278479622662	True	ES2	perturbation_control	CCNE1
CDK2-1	0.28389066959294584	2.044795775065266e-07	5.0	173.0	6.68935006085529	True	ES2	perturbation_control	CDK2
CDK2-2	0.8429808590102709	2.944145076584888e-17	5.0	173.0	15.653559774527022	True	ES2	perturbation_control	CDK2
CDK4-1	1.0	2.944145076584888e-17	5.0	173.0	15.653559774527022	True	ES2	perturbation_control	CDK4
CDK4-2	0.7030031600794473	2.4733201552752057e-14	5.0	173.0	13.606719663392054	True	ES2	perturbation_control	CDK4
CDK4-3	0.7368628690897033	1.1353013330305112e-15	5.0	173.0	14.944888852212395	True	ES2	perturbation_control	CDK4
CHEK2-1	0.12399473869172699	0.05823446620328933	5.0	173.0	1.2348199010638352	False	ES2	perturbation_control	CHEK2
CHEK2-2	0.04761987604837443	0.9999220499079424	5.0	173.0	3.385461434675167e-05	False	ES2	perturbation_control	CHEK2
COX5B-1	0.10216803746825324	0.42037988109589863	5.0	173.0	0.3763580769875488	False	ES2	perturbation_control	COX5B
COX5B-2	0.09233992484703768	0.23480586898562242	5.0	173.0	0.6292910520742725	False	ES2	perturbation_control	COX5B
CSNK1A1-1	0.49461034261597603	6.728411661865849e-13	5.0	173.0	12.172087445122235	True	ES2	perturbation_control	CSNK1A1
CSNK1A1-2	0.1576604889776674	0.01026911395158619	5.0	173.0	1.9884670269516425	True	ES2	perturbation_control	CSNK1A1
CTNNB1-1	0.583654378188131	5.258931852500041e-14	5.0	173.0	13.279102456924695	True	ES2	perturbation_control	CTNNB1
CTNNB1-2	0.2615559044741456	1.0431451342677254e-05	5.0	173.0	4.981655263360039	True	ES2	perturbation_control	CTNNB1
DOT1L-1	0.2310653364923959	3.1926898277669904e-05	5.0	173.0	4.495843271448787	True	ES2	perturbation_control	DOT1L
DOT1L-2	0.157843265642261	0.005261728426809994	5.0	173.0	2.2788715708800167	True	ES2	perturbation_control	DOT1L
EGFR-1	0.26724052103156043	4.572965891823564e-06	5.0	173.0	5.339802037860092	True	ES2	perturbation_control	EGFR
EGFR-2	0.14555962893696414	0.010524326804848324	5.0	173.0	1.9778056745222294	True	ES2	perturbation_control	EGFR
EGLN1-8	0.6818820057899418	3.7217398943744945e-15	5.0	173.0	14.42925398219535	True	ES2	perturbation_control	EGLN1
EGLN1-9	1.0	2.944145076584888e-17	5.0	173.0	15.653559774527022	True	ES2	perturbation_control	EGLN1
ERBB2-1	0.23028603478752294	3.080444841435022e-05	5.0	173.0	4.511386563294811	True	ES2	perturbation_control	ERBB2
ERBB2-2	0.36179271675827973	4.929143636894631e-09	5.0	173.0	8.307228526174383	True	ES2	perturbation_control	ERBB2
ERBB3-1	0.12397312760894487	0.08572584340353494	5.0	173.0	1.0668882334372887	False	ES2	perturbation_control	ERBB3
ERBB3-2	0.06584890293016789	0.8816049293618191	5.0	173.0	0.05472599019300209	False	ES2	perturbation_control	ERBB3
EZH2-1	0.3874877457426163	8.423155642081771e-10	5.0	173.0	9.074525174391834	True	ES2	perturbation_control	EZH2
EZH2-2	0.342126230180126	2.5932359398666144e-08	5.0	173.0	7.586157968105078	True	ES2	perturbation_control	EZH2
GLS-1	0.17821361758351784	0.00412281632931866	5.0	173.0	2.384806012504044	True	ES2	perturbation_control	GLS
GLS-2	0.11515674212277299	0.07674134816092941	5.0	173.0	1.1149705755610875	False	ES2	perturbation_control	GLS
GPX4-1	1.0	2.944145076584888e-17	5.0	173.0	15.653559774527022	True	ES2	perturbation_control	GPX4
GPX4-2	0.7459155886013472	3.160748368476996e-14	5.0	173.0	13.500210077564992	True	ES2	perturbation_control	GPX4
HIF1a-1	0.20783849717826455	0.0010539220418240836	5.0	173.0	2.9771915125179462	True	ES2	perturbation_control	HIF1a
HIF1a-2	0.18964920286130096	0.0009411248357055576	5.0	173.0	3.026352765667112	True	ES2	perturbation_control	HIF1a
ITGAV-1	1.0	2.944145076584888e-17	5.0	173.0	15.653559774527022	True	ES2	perturbation_control	ITGAV
ITGAV-2	1.0	2.944145076584888e-17	5.0	173.0	15.653559774527022	True	ES2	perturbation_control	ITGAV
JAK3-1	0.12013340894894005	0.14600479741970934	5.0	173.0	0.8356328739506512	False	ES2	perturbation_control	JAK3
JAK3-2	0.05558287756441671	0.9503288073403964	5.0	173.0	0.02212610575650724	False	ES2	perturbation_control	JAK3
KIF11-1	0.630024726152032	4.770569111782198e-14	5.0	173.0	13.321429808095477	True	ES2	perturbation_control	KIF11
KIF11-2	0.6758517019043335	6.984955547202913e-14	5.0	173.0	13.155836353424661	True	ES2	perturbation_control	KIF11
KRAS-1	0.12520616875414436	0.02253184682357976	5.0	173.0	1.6472032098554774	True	ES2	perturbation_control	KRAS
KRAS-2A	0.14525923925788492	0.03195591860252243	5.0	173.0	1.4954486937382547	True	ES2	perturbation_control	KRAS
KRAS-2B	0.04167421334670529	0.9999220499079424	5.0	173.0	3.385461434675167e-05	False	ES2	perturbation_control	KRAS
MAPK1-1	0.9265476190476191	2.944145076584888e-17	5.0	173.0	15.653559774527022	True	ES2	perturbation_control	MAPK1
MAPK1-2	1.0	2.944145076584888e-17	5.0	173.0	15.653559774527022	True	ES2	perturbation_control	MAPK1
MCL1-2	0.074073106258211	0.2767000856386665	5.0	173.0	0.5579907064449008	False	ES2	perturbation_control	MCL1
MCL1-5	0.0671767972595588	0.5376115489147822	5.0	173.0	0.26953141038561346	False	ES2	perturbation_control	MCL1
MTOR-1	0.3855561591345636	4.495083650582524e-09	5.0	173.0	8.347262221917768	True	ES2	perturbation_control	MTOR
MTOR-2	0.6825486154501544	9.054671643658892e-14	5.0	173.0	13.043127294210516	True	ES2	perturbation_control	MTOR
MYC-1	1.0	2.944145076584888e-17	5.0	173.0	15.653559774527022	True	ES2	perturbation_control	MYC
MYC-2	1.0	2.944145076584888e-17	5.0	173.0	15.653559774527022	True	ES2	perturbation_control	MYC
PIK3CA-1	0.08628613023896185	0.5376115489147822	5.0	173.0	0.26953141038561346	False	ES2	perturbation_control	PIK3CA
PIK3CA-2	0.18159605417754884	0.0012437168561408034	5.0	173.0	2.905278479622662	True	ES2	perturbation_control	PIK3CA
PRDX1-1	0.04802095104034104	0.9503288073403964	5.0	173.0	0.02212610575650724	False	ES2	perturbation_control	PRDX1
PRDX1-2	0.17989980788801485	0.003084032692278782	5.0	173.0	2.5108810268594004	True	ES2	perturbation_control	PRDX1
PTK2-1	0.3284733157273421	3.880139780827345e-07	5.0	173.0	6.411152628800504	True	ES2	perturbation_control	PTK2
PTK2-2	0.43494763522324426	1.038719509252429e-09	5.0	173.0	8.983501711374158	True	ES2	perturbation_control	PTK2
RAC1-1	0.1517325945863391	0.019748145869463992	5.0	173.0	1.7044736735292068	True	ES2	perturbation_control	RAC1
RAC1-2	0.12183198445034889	0.08927136448712966	5.0	173.0	1.0492878271091652	False	ES2	perturbation_control	RAC1
RAF1-1	0.17093784263832412	0.0060139901356989255	5.0	173.0	2.22083728857588	True	ES2	perturbation_control	RAF1
RAF1-2	0.1056644284250456	0.06415312383303803	5.0	173.0	1.1927821915038619	False	ES2	perturbation_control	RAF1
RHOA-1	0.8927411477411478	2.944145076584888e-17	5.0	173.0	15.653559774527022	True	ES2	perturbation_control	RHOA
RHOA-2	0.9697222222222223	2.944145076584888e-17	5.0	173.0	15.653559774527022	True	ES2	perturbation_control	RHOA
SDHB-1	0.1250916941948124	0.049083885158556585	5.0	173.0	1.3090610686805109	True	ES2	perturbation_control	SDHB
SDHB-2	0.23168651921062255	2.6927013763677096e-05	5.0	173.0	4.569811807667889	True	ES2	perturbation_control	SDHB
SLC2A1-1	0.7285393916017431	3.160748368476996e-14	5.0	173.0	13.500210077564992	True	ES2	perturbation_control	SLC2A1
SLC2A2-2	0.822431604343369	6.1018987421429164e-15	5.0	173.0	14.214535003526365	True	ES2	perturbation_control	SLC2A2
SMARCB1-1	0.28751938259824544	2.612966494779797e-06	5.0	173.0	5.582866159053975	True	ES2	perturbation_control	SMARCB1
SMARCB1-2	0.3243845076954199	9.093790607839553e-07	5.0	173.0	6.041255050010698	True	ES2	perturbation_control	SMARCB1
STAT3-1	0.04583708815845558	0.9999220499079424	5.0	173.0	3.385461434675167e-05	False	ES2	perturbation_control	STAT3
STAT3-2	0.09489765049711518	0.27433187190764263	5.0	173.0	0.5617237330826188	False	ES2	perturbation_control	STAT3
SUZ12-1	0.2027757698728303	0.00048074979252497673	5.0	173.0	3.318080894515956	True	ES2	perturbation_control	SUZ12
SUZ12-2	0.3725673660077787	1.0844181021890204e-07	5.0	173.0	6.9648032413542005	True	ES2	perturbation_control	SUZ12
TXN-1	0.2399193445142629	5.500304433467374e-05	5.0	173.0	4.259613272302846	True	ES2	perturbation_control	TXN
TXN-2	0.11351728908371715	0.1656909461218737	5.0	173.0	0.780701222158442	False	ES2	perturbation_control	TXN
XBP-1	0.17236112313966798	0.004221318393963251	5.0	173.0	2.3745518898436013	True	ES2	perturbation_control	XBP
XBP-2	0.30668615205583677	1.7170104110825184e-07	5.0	173.0	6.765227071489066	True	ES2	perturbation_control	XBP
YAP1-1	0.47826965788002224	1.9575533910423236e-12	5.0	173.0	11.708286383998576	True	ES2	perturbation_control	YAP1
YAP1-2	1.0	2.944145076584888e-17	5.0	173.0	15.653559774527022	True	ES2	perturbation_control	YAP1
