Metadata_gene_name	Metadata_pert_name	mean_ap	p_value	n_pos_pairs	n_total_pairs	cell_line	barcode_control
AKT1	AKT1-1	0.2366393021738625	0.12339599	11.0	203.0	HCC44	cutting_control
AKT1	AKT1-2	0.19810172848632074	0.14805518	11.0	203.0	HCC44	cutting_control
ARID1B	ARID1B-1	0.12281706833707835	0.1663417	11.0	203.0	HCC44	cutting_control
ARID1B	ARID1B-2	0.1271414397130572	0.14123587	11.0	203.0	HCC44	cutting_control
ATF4	ATF4-1	0.31589532310458596	0.023717629	11.0	203.0	HCC44	cutting_control
ATF4	ATF4-2	0.29251517443915886	0.025814084	11.0	203.0	HCC44	cutting_control
ATP50	ATP50-1	0.31745352814548083	0.011288871	11.0	203.0	HCC44	cutting_control
ATP50	ATP50-2	0.294842926494876	0.017214945	11.0	203.0	HCC44	cutting_control
AURKB	AURKB-2	0.19673701433781812	0.09412392	5.0	197.0	HCC44	cutting_control
BCL2	BCL2-1	0.16006275663269418	0.16435629	11.0	203.0	HCC44	cutting_control
BCL2	BCL2-2	0.1581153861683314	0.15675099	11.0	203.0	HCC44	cutting_control
BCL2L2	BCL2L2-1	0.16050429359157886	0.26807317	17.0	209.0	HCC44	cutting_control
BCL2L2	BCL2L2-2	0.16431611936958251	0.26340938	17.0	209.0	HCC44	cutting_control
BCL2L2	BCL2L2-4	0.1829011458673462	0.22347766	17.0	209.0	HCC44	cutting_control
BRAF	BRAF-2	0.17063512799576144	0.06217711	5.0	197.0	HCC44	cutting_control
BRAF1	BRAF1-1	0.17147133456387764	0.12102122	5.0	197.0	HCC44	cutting_control
BRCA1	BRCA1-1	0.2766045216813846	0.006039396	11.0	203.0	HCC44	cutting_control
BRCA1	BRCA1-2	0.2557613486634555	0.052086446	11.0	203.0	HCC44	cutting_control
BRD4	BRD4-1	0.9401392151619424	9.999001e-05	11.0	203.0	HCC44	cutting_control
BRD4	BRD4-2	0.9238369397768883	9.9990015e-05	11.0	203.0	HCC44	cutting_control
CCND1	CCND1-1	0.1801368733106944	0.085274816	11.0	203.0	HCC44	cutting_control
CCND1	CCND1-2	0.18902647261742098	0.06668424	11.0	203.0	HCC44	cutting_control
CCNE1	CCNE1-1	0.6782744766068464	0.00057267	11.0	203.0	HCC44	cutting_control
CCNE1	CCNE1-2	0.6488041353390551	0.00055827753	11.0	203.0	HCC44	cutting_control
CDK2	CDK2-1	0.9443780471306429	9.9990015e-05	11.0	203.0	HCC44	cutting_control
CDK2	CDK2-2	0.9266791470159413	9.999e-05	11.0	203.0	HCC44	cutting_control
CDK4	CDK4-1	0.22760840519581105	0.094812736	17.0	209.0	HCC44	cutting_control
CDK4	CDK4-2	0.22165285569252702	0.120646276	17.0	209.0	HCC44	cutting_control
CDK4	CDK4-3	0.23515455869655313	0.10554945	17.0	209.0	HCC44	cutting_control
CHEK2	CHEK2-1	0.17826849452627394	0.27621403	11.0	203.0	HCC44	cutting_control
CHEK2	CHEK2-2	0.19110691611815686	0.21054257	11.0	203.0	HCC44	cutting_control
COX5B	COX5B-1	0.17357561383953968	0.16622883	11.0	203.0	HCC44	cutting_control
COX5B	COX5B-2	0.20141871633564715	0.15238474	11.0	203.0	HCC44	cutting_control
CSNK1A1	CSNK1A1-1	0.8219397211438736	9.999e-05	11.0	203.0	HCC44	cutting_control
CSNK1A1	CSNK1A1-2	0.6489541569726517	0.004474553	11.0	203.0	HCC44	cutting_control
CTNNB1	CTNNB1-1	0.15436409628132694	0.1940506	11.0	203.0	HCC44	cutting_control
CTNNB1	CTNNB1-2	0.13943213176233937	0.25153318	11.0	203.0	HCC44	cutting_control
DOT1L	DOT1L-1	0.3443737138965785	0.058802456	11.0	203.0	HCC44	cutting_control
DOT1L	DOT1L-2	0.36602589640097577	0.035974182	11.0	203.0	HCC44	cutting_control
EGFR	EGFR-1	0.19843288366082326	0.15747593	11.0	203.0	HCC44	cutting_control
EGFR	EGFR-2	0.21067459055803725	0.12169693	11.0	203.0	HCC44	cutting_control
EGLN1	EGLN1-8	0.6183904763180254	0.00059994	11.0	203.0	HCC44	cutting_control
EGLN1	EGLN1-9	0.653909056719294	9.999001e-05	11.0	203.0	HCC44	cutting_control
EMPTY	EMPTY	0.4899326084565647	0.42630735	167.0	359.0	HCC44	cutting_control
ERBB2	ERBB2-1	0.10045934387620585	0.34382927	11.0	203.0	HCC44	cutting_control
ERBB2	ERBB2-2	0.096404885448154	0.38271174	11.0	203.0	HCC44	cutting_control
ERBB3	ERBB3-1	0.15077829705214119	0.09360175	11.0	203.0	HCC44	cutting_control
ERBB3	ERBB3-2	0.1311786283824881	0.20952906	11.0	203.0	HCC44	cutting_control
EZH2	EZH2-1	0.2912464259571432	0.13425325	11.0	203.0	HCC44	cutting_control
EZH2	EZH2-2	0.23642363555940102	0.1610839	11.0	203.0	HCC44	cutting_control
GLS	GLS-1	0.17308187827724764	0.18638135	11.0	203.0	HCC44	cutting_control
GLS	GLS-2	0.17039295355110315	0.17642403	11.0	203.0	HCC44	cutting_control
GPX4	GPX4-1	0.2761777530229256	0.1072726	11.0	203.0	HCC44	cutting_control
GPX4	GPX4-2	0.27797777586900574	0.12816718	11.0	203.0	HCC44	cutting_control
HIF1a	HIF1a-1	0.2548856003617707	0.024047596	11.0	203.0	HCC44	cutting_control
HIF1a	HIF1a-2	0.23822855048848263	0.028317168	11.0	203.0	HCC44	cutting_control
ITGAV	ITGAV-1	1.0	9.999001e-05	11.0	203.0	HCC44	cutting_control
ITGAV	ITGAV-2	1.0	9.9990015e-05	11.0	203.0	HCC44	cutting_control
JAK3	JAK3-1	0.21309714360606227	0.107671045	11.0	203.0	HCC44	cutting_control
JAK3	JAK3-2	0.21865084235897794	0.098765135	11.0	203.0	HCC44	cutting_control
KIF11	KIF11-1	0.9644694564965826	9.9990015e-05	11.0	203.0	HCC44	cutting_control
KIF11	KIF11-2	0.9612394070871809	9.999001e-05	11.0	203.0	HCC44	cutting_control
KRAS	KRAS-1	0.4800932121938088	0.06172716	17.0	209.0	HCC44	cutting_control
KRAS	KRAS-2A	0.5734290947294529	9.999001e-05	17.0	209.0	HCC44	cutting_control
KRAS	KRAS-2B	0.43348406566885883	0.060032886	17.0	209.0	HCC44	cutting_control
MAPK1	MAPK1-1	0.2913739285762691	0.07327449	11.0	203.0	HCC44	cutting_control
MAPK1	MAPK1-2	0.27916028218132977	0.07217612	11.0	203.0	HCC44	cutting_control
MCL1	MCL1-2	0.10479335607538735	0.32326767	11.0	203.0	HCC44	cutting_control
MCL1	MCL1-5	0.12026292620279246	0.2715312	11.0	203.0	HCC44	cutting_control
MTOR	MTOR-1	0.5291066725408073	0.0038496149	11.0	203.0	HCC44	cutting_control
MTOR	MTOR-2	0.5169850627236633	0.0032246774	11.0	203.0	HCC44	cutting_control
MYC	MYC-1	1.0	9.9990015e-05	11.0	203.0	HCC44	cutting_control
MYC	MYC-2	1.0	9.999001e-05	11.0	203.0	HCC44	cutting_control
ORC4	ORC4-1	0.2469914928549362	0.34546545	47.0	239.0	HCC44	cutting_control
ORC4	ORC4-2	0.24715348009750668	0.3428303	47.0	239.0	HCC44	cutting_control
PIK3CA	PIK3CA-1	0.25536367576355584	0.07941024	11.0	203.0	HCC44	cutting_control
PIK3CA	PIK3CA-2	0.2664909182520953	0.07280105	11.0	203.0	HCC44	cutting_control
POLR2D	POLR2D-1	0.9962727144806042	9.999e-05	47.0	239.0	HCC44	cutting_control
POLR2D	POLR2D-2	0.9962369387570834	9.9990015e-05	47.0	239.0	HCC44	cutting_control
PPIB	PPIB-1	0.2596275750113227	0.2837629	47.0	239.0	HCC44	cutting_control
PPIB	PPIB-2	0.2611708482654155	0.27520165	47.0	239.0	HCC44	cutting_control
PRDX1	PRDX1-1	0.10316846345300534	0.32760057	11.0	203.0	HCC44	cutting_control
PRDX1	PRDX1-2	0.10149070172648349	0.36350363	11.0	203.0	HCC44	cutting_control
PSMA1	PSMA1-1	0.9601551673037302	9.999001e-05	47.0	239.0	HCC44	cutting_control
PSMA1	PSMA1-2	0.960449557554436	9.999e-05	47.0	239.0	HCC44	cutting_control
PTK2	PTK2-1	0.8327782480101241	0.00011998801	11.0	203.0	HCC44	cutting_control
PTK2	PTK2-2	0.8218395531147724	0.00011665502	11.0	203.0	HCC44	cutting_control
RAC1	RAC1-1	0.24743473013873712	0.21934474	11.0	203.0	HCC44	cutting_control
RAC1	RAC1-2	0.25611270306096334	0.16523348	11.0	203.0	HCC44	cutting_control
RAF1	RAF1-1	0.13485992077735562	0.12227868	11.0	203.0	HCC44	cutting_control
RAF1	RAF1-2	0.14946713271197545	0.11212212	11.0	203.0	HCC44	cutting_control
RHOA	RHOA-1	0.9400582081564702	9.9990015e-05	11.0	203.0	HCC44	cutting_control
RHOA	RHOA-2	0.9534551715367223	9.999001e-05	11.0	203.0	HCC44	cutting_control
SDHB	SDHB-1	0.3475620626982801	0.00414504	11.0	203.0	HCC44	cutting_control
SDHB	SDHB-2	0.36401324981337874	0.0038079529	11.0	203.0	HCC44	cutting_control
SLC2A1	SLC2A1-1	0.1763594041462868	0.043862283	5.0	197.0	HCC44	cutting_control
SLC2A2	SLC2A2-2	0.2624497445691309	0.052378092	5.0	197.0	HCC44	cutting_control
SMARCB1	SMARCB1-1	0.2976328056432004	0.030860549	11.0	203.0	HCC44	cutting_control
SMARCB1	SMARCB1-2	0.2963976608736215	0.028347164	11.0	203.0	HCC44	cutting_control
STAT3	STAT3-1	0.1831973362069672	0.16962749	11.0	203.0	HCC44	cutting_control
STAT3	STAT3-2	0.17058664780538177	0.15293472	11.0	203.0	HCC44	cutting_control
SUZ12	SUZ12-1	0.45539166749995785	0.03215512	11.0	203.0	HCC44	cutting_control
SUZ12	SUZ12-2	0.4568149578460944	0.038316168	11.0	203.0	HCC44	cutting_control
TXN	TXN-1	0.13108858859214792	0.23361832	11.0	203.0	HCC44	cutting_control
TXN	TXN-2	0.133041962795624	0.24320297	11.0	203.0	HCC44	cutting_control
XBP	XBP-1	0.1821235588821969	0.13564478	11.0	203.0	HCC44	cutting_control
XBP	XBP-2	0.18996522452181167	0.15024498	11.0	203.0	HCC44	cutting_control
YAP1	YAP1-1	0.1091402318489399	0.32183146	11.0	203.0	HCC44	cutting_control
YAP1	YAP1-2	0.1105292291561983	0.30231145	11.0	203.0	HCC44	cutting_control
AKT1	AKT1-1	0.261370206704366	0.04598707	11.0	179.0	HCC44	perturbation_control
AKT1	AKT1-2	0.25293671965654724	0.051544845	11.0	179.0	HCC44	perturbation_control
ARID1B	ARID1B-1	0.20044284347076244	0.123396	11.0	179.0	HCC44	perturbation_control
ARID1B	ARID1B-2	0.20970616520364038	0.11124342	11.0	179.0	HCC44	perturbation_control
ATF4	ATF4-1	0.396624590403692	0.03813255	11.0	179.0	HCC44	perturbation_control
ATF4	ATF4-2	0.38607127440744	0.035246473	11.0	179.0	HCC44	perturbation_control
ATP50	ATP50-1	0.5108198355458753	0.029442506	11.0	179.0	HCC44	perturbation_control
ATP50	ATP50-2	0.509013187451712	0.026997298	11.0	179.0	HCC44	perturbation_control
AURKB	AURKB-2	0.2818098137639578	0.037946206	5.0	173.0	HCC44	perturbation_control
BCL2	BCL2-1	0.1494641363903113	0.1550027	11.0	179.0	HCC44	perturbation_control
BCL2	BCL2-2	0.1489651896103735	0.14978503	11.0	179.0	HCC44	perturbation_control
BCL2L2	BCL2L2-1	0.28894898161871974	0.22132787	17.0	185.0	HCC44	perturbation_control
BCL2L2	BCL2L2-2	0.2766358257822319	0.22079457	17.0	185.0	HCC44	perturbation_control
BCL2L2	BCL2L2-4	0.2853300460327012	0.20491025	17.0	185.0	HCC44	perturbation_control
BRAF	BRAF-2	0.13230139787855702	0.11555511	5.0	173.0	HCC44	perturbation_control
BRAF1	BRAF1-1	0.11962815159826239	0.14415225	5.0	173.0	HCC44	perturbation_control
BRCA1	BRCA1-1	0.28067235792408934	0.026988968	11.0	179.0	HCC44	perturbation_control
BRCA1	BRCA1-2	0.279502791516456	0.029278887	11.0	179.0	HCC44	perturbation_control
BRD4	BRD4-1	0.8652975259842376	9.999001e-05	11.0	179.0	HCC44	perturbation_control
BRD4	BRD4-2	0.8644066174291511	9.9990015e-05	11.0	179.0	HCC44	perturbation_control
CCND1	CCND1-1	0.198286550339743	0.049955003	11.0	179.0	HCC44	perturbation_control
CCND1	CCND1-2	0.24782899542529777	0.041645836	11.0	179.0	HCC44	perturbation_control
CCNE1	CCNE1-1	0.6881727494724865	0.00015831752	11.0	179.0	HCC44	perturbation_control
CCNE1	CCNE1-2	0.670494451003255	0.00016362	11.0	179.0	HCC44	perturbation_control
CDK2	CDK2-1	0.8837850952005555	9.999001e-05	11.0	179.0	HCC44	perturbation_control
CDK2	CDK2-2	0.89279562314184	9.9990015e-05	11.0	179.0	HCC44	perturbation_control
CDK4	CDK4-1	0.3571824219248399	0.04252242	17.0	185.0	HCC44	perturbation_control
CDK4	CDK4-2	0.3437190333970345	0.04555259	17.0	185.0	HCC44	perturbation_control
CDK4	CDK4-3	0.35962459278968534	0.035502005	17.0	185.0	HCC44	perturbation_control
CHEK2	CHEK2-1	0.1470617994834115	0.34991503	11.0	179.0	HCC44	perturbation_control
CHEK2	CHEK2-2	0.15604893226153815	0.313702	11.0	179.0	HCC44	perturbation_control
COX5B	COX5B-1	0.2910136531258018	0.079633705	11.0	179.0	HCC44	perturbation_control
COX5B	COX5B-2	0.30945573870432797	0.055967137	11.0	179.0	HCC44	perturbation_control
CSNK1A1	CSNK1A1-1	0.6358818890933093	0.0020697932	11.0	179.0	HCC44	perturbation_control
CSNK1A1	CSNK1A1-2	0.6030238776243037	0.012232107	11.0	179.0	HCC44	perturbation_control
CTNNB1	CTNNB1-1	0.13899889792105238	0.18498982	11.0	179.0	HCC44	perturbation_control
CTNNB1	CTNNB1-2	0.12428350495016796	0.21933809	11.0	179.0	HCC44	perturbation_control
Chr2	Chr2-1	0.61690662300975	0.15639572	143.0	311.0	HCC44	perturbation_control
Chr2	Chr2-2	0.6153709556110409	0.16060965	143.0	311.0	HCC44	perturbation_control
Chr2	Chr2-3	0.6166646069432298	0.15751211	143.0	311.0	HCC44	perturbation_control
Chr2	Chr2-4	0.6150059239657891	0.16233659	143.0	311.0	HCC44	perturbation_control
Chr2	Chr2-5	0.616095169136328	0.16120207	143.0	311.0	HCC44	perturbation_control
Chr2	Chr2-6	0.6163317054171111	0.15864457	143.0	311.0	HCC44	perturbation_control
DOT1L	DOT1L-1	0.2789240374874627	0.043520648	11.0	179.0	HCC44	perturbation_control
DOT1L	DOT1L-2	0.276913806382291	0.04733163	11.0	179.0	HCC44	perturbation_control
EGFR	EGFR-1	0.1536638578475695	0.13138686	11.0	179.0	HCC44	perturbation_control
EGFR	EGFR-2	0.16974642862953612	0.12047961	11.0	179.0	HCC44	perturbation_control
EGLN1	EGLN1-8	0.6003181540155872	0.004391228	11.0	179.0	HCC44	perturbation_control
EGLN1	EGLN1-9	0.6514587072409084	9.999001e-05	11.0	179.0	HCC44	perturbation_control
ERBB2	ERBB2-1	0.10955818556604142	0.32240942	11.0	179.0	HCC44	perturbation_control
ERBB2	ERBB2-2	0.1128246839232935	0.30337876	11.0	179.0	HCC44	perturbation_control
ERBB3	ERBB3-1	0.2143487311173682	0.20078826	11.0	179.0	HCC44	perturbation_control
ERBB3	ERBB3-2	0.221754604764254	0.20867004	11.0	179.0	HCC44	perturbation_control
EZH2	EZH2-1	0.3036087680264309	0.064485215	11.0	179.0	HCC44	perturbation_control
EZH2	EZH2-2	0.30073554725780677	0.07027479	11.0	179.0	HCC44	perturbation_control
GLS	GLS-1	0.30235596072041365	0.038596142	11.0	179.0	HCC44	perturbation_control
GLS	GLS-2	0.2972129961105811	0.04206852	11.0	179.0	HCC44	perturbation_control
GPX4	GPX4-1	0.19745951533783523	0.13555917	11.0	179.0	HCC44	perturbation_control
GPX4	GPX4-2	0.19176927376124375	0.13451155	11.0	179.0	HCC44	perturbation_control
HIF1a	HIF1a-1	0.1859133733171004	0.108019195	11.0	179.0	HCC44	perturbation_control
HIF1a	HIF1a-2	0.18695212336046704	0.094332226	11.0	179.0	HCC44	perturbation_control
ITGAV	ITGAV-1	1.0	9.999001e-05	11.0	179.0	HCC44	perturbation_control
ITGAV	ITGAV-2	1.0	9.9990015e-05	11.0	179.0	HCC44	perturbation_control
JAK3	JAK3-1	0.1899060517234026	0.12328767	11.0	179.0	HCC44	perturbation_control
JAK3	JAK3-2	0.18266029209057946	0.13184515	11.0	179.0	HCC44	perturbation_control
KIF11	KIF11-1	0.8416422580452977	9.999001e-05	11.0	179.0	HCC44	perturbation_control
KIF11	KIF11-2	0.8492428618280011	9.9990015e-05	11.0	179.0	HCC44	perturbation_control
KRAS	KRAS-1	0.4897834472104815	0.045114234	17.0	185.0	HCC44	perturbation_control
KRAS	KRAS-2A	0.505243323358173	0.042466342	17.0	185.0	HCC44	perturbation_control
KRAS	KRAS-2B	0.5003063180904469	0.04011266	17.0	185.0	HCC44	perturbation_control
LacZ	LacZ-2	0.19826817556471218	0.34692436	23.0	191.0	HCC44	perturbation_control
LacZ	LacZ-3	0.20836385134859403	0.3181307	23.0	191.0	HCC44	perturbation_control
Luc	Luc-1	0.2228253084421604	0.17114808	23.0	191.0	HCC44	perturbation_control
Luc	Luc-2	0.22488409242809784	0.16415025	23.0	191.0	HCC44	perturbation_control
MAPK1	MAPK1-1	0.1996787112964891	0.09359897	11.0	179.0	HCC44	perturbation_control
MAPK1	MAPK1-2	0.19902078674994256	0.10624937	11.0	179.0	HCC44	perturbation_control
MCL1	MCL1-2	0.12079951168567862	0.19350564	11.0	179.0	HCC44	perturbation_control
MCL1	MCL1-5	0.13482800171772188	0.1749575	11.0	179.0	HCC44	perturbation_control
MTOR	MTOR-1	0.5963947661551717	0.00041662506	11.0	179.0	HCC44	perturbation_control
MTOR	MTOR-2	0.6455989347177784	0.000129987	11.0	179.0	HCC44	perturbation_control
MYC	MYC-1	0.997113997113997	9.9990015e-05	11.0	179.0	HCC44	perturbation_control
MYC	MYC-2	0.9968516332152696	9.999001e-05	11.0	179.0	HCC44	perturbation_control
ORC4	ORC4-1	0.38055570040300796	0.13058902	47.0	215.0	HCC44	perturbation_control
ORC4	ORC4-2	0.3796656568155035	0.13624509	47.0	215.0	HCC44	perturbation_control
PIK3CA	PIK3CA-1	0.33720133481751774	0.027588151	11.0	179.0	HCC44	perturbation_control
PIK3CA	PIK3CA-2	0.35050365382269044	0.02529747	11.0	179.0	HCC44	perturbation_control
POLR2D	POLR2D-1	0.9812695598086794	9.9990015e-05	47.0	215.0	HCC44	perturbation_control
POLR2D	POLR2D-2	0.9811925862370731	9.999e-05	47.0	215.0	HCC44	perturbation_control
PPIB	PPIB-1	0.30875551681215585	0.3153344	47.0	215.0	HCC44	perturbation_control
PPIB	PPIB-2	0.3096093026587974	0.30885038	47.0	215.0	HCC44	perturbation_control
PRDX1	PRDX1-1	0.12885824775791818	0.20886244	11.0	179.0	HCC44	perturbation_control
PRDX1	PRDX1-2	0.1322487516582279	0.1998891	11.0	179.0	HCC44	perturbation_control
PSMA1	PSMA1-1	0.9588378371137287	9.9990015e-05	47.0	215.0	HCC44	perturbation_control
PSMA1	PSMA1-2	0.9592363632468381	9.999e-05	47.0	215.0	HCC44	perturbation_control
PTK2	PTK2-1	0.8868011818102645	9.999001e-05	11.0	179.0	HCC44	perturbation_control
PTK2	PTK2-2	0.8840900387062076	9.9990015e-05	11.0	179.0	HCC44	perturbation_control
RAC1	RAC1-1	0.2540945687530926	0.11922974	11.0	179.0	HCC44	perturbation_control
RAC1	RAC1-2	0.2545842223762925	0.1410159	11.0	179.0	HCC44	perturbation_control
RAF1	RAF1-1	0.23144725794974227	0.024070323	11.0	179.0	HCC44	perturbation_control
RAF1	RAF1-2	0.23280912381005678	0.022522748	11.0	179.0	HCC44	perturbation_control
RHOA	RHOA-1	0.9262369331056095	9.999001e-05	11.0	179.0	HCC44	perturbation_control
RHOA	RHOA-2	0.929674948092447	9.9990015e-05	11.0	179.0	HCC44	perturbation_control
SDHB	SDHB-1	0.5814155386475327	0.00021816	11.0	179.0	HCC44	perturbation_control
SDHB	SDHB-2	0.578822565795031	0.00020831251	11.0	179.0	HCC44	perturbation_control
SLC2A1	SLC2A1-1	0.4297720641084486	0.00896577	5.0	173.0	HCC44	perturbation_control
SLC2A2	SLC2A2-2	0.3657272411557902	0.11422191	5.0	173.0	HCC44	perturbation_control
SMARCB1	SMARCB1-1	0.28228730409527875	0.06844316	11.0	179.0	HCC44	perturbation_control
SMARCB1	SMARCB1-2	0.26841145730528093	0.074637994	11.0	179.0	HCC44	perturbation_control
STAT3	STAT3-1	0.21094956152621908	0.13397661	11.0	179.0	HCC44	perturbation_control
STAT3	STAT3-2	0.2035572295661953	0.120537944	11.0	179.0	HCC44	perturbation_control
SUZ12	SUZ12-1	0.5537697844718175	0.0043745623	11.0	179.0	HCC44	perturbation_control
SUZ12	SUZ12-2	0.5497371251748316	0.00476316	11.0	179.0	HCC44	perturbation_control
TXN	TXN-1	0.1798463615639904	0.1157051	11.0	179.0	HCC44	perturbation_control
TXN	TXN-2	0.18669964635593025	0.10650753	11.0	179.0	HCC44	perturbation_control
XBP	XBP-1	0.2775731776531138	0.085264206	11.0	179.0	HCC44	perturbation_control
XBP	XBP-2	0.2728358746355258	0.078992106	11.0	179.0	HCC44	perturbation_control
YAP1	YAP1-1	0.1325039542693364	0.30138984	11.0	179.0	HCC44	perturbation_control
YAP1	YAP1-2	0.14581488729109152	0.25329968	11.0	179.0	HCC44	perturbation_control
AKT1	AKT1-1	0.14829590374279839	0.21686995	11.0	203.0	A549	cutting_control
AKT1	AKT1-2	0.1538934386076232	0.2017198	11.0	203.0	A549	cutting_control
ARID1B	ARID1B-1	0.10803452082442795	0.23714294	11.0	203.0	A549	cutting_control
ARID1B	ARID1B-2	0.10586666471600426	0.26073393	11.0	203.0	A549	cutting_control
ATF4	ATF4-1	0.7200419607635351	9.999001e-05	11.0	203.0	A549	cutting_control
ATF4	ATF4-2	0.7373565711606002	9.9990015e-05	11.0	203.0	A549	cutting_control
ATP50	ATP50-1	0.14907905066440424	0.13543645	11.0	203.0	A549	cutting_control
ATP50	ATP50-2	0.15187677088546486	0.120904565	11.0	203.0	A549	cutting_control
AURKB	AURKB-2	0.0390128654381121	0.44905508	5.0	197.0	A549	cutting_control
BCL2	BCL2-1	0.0932525760802699	0.29163447	11.0	203.0	A549	cutting_control
BCL2	BCL2-2	0.10625225662499486	0.2676149	11.0	203.0	A549	cutting_control
BCL2L2	BCL2L2-1	0.0981431764945646	0.5032763	17.0	209.0	A549	cutting_control
BCL2L2	BCL2L2-2	0.09749808013835895	0.51542705	17.0	209.0	A549	cutting_control
BCL2L2	BCL2L2-4	0.0954634960826497	0.53925717	17.0	209.0	A549	cutting_control
BRAF	BRAF-2	0.0949425985302332	0.2656068	5.0	197.0	A549	cutting_control
BRAF1	BRAF1-1	0.07898729451723373	0.4498717	5.0	197.0	A549	cutting_control
BRCA1	BRCA1-1	0.14792688460798248	0.12560745	11.0	203.0	A549	cutting_control
BRCA1	BRCA1-2	0.1413239804580594	0.12894544	11.0	203.0	A549	cutting_control
BRD4	BRD4-1	0.3240431759909166	0.025717426	11.0	203.0	A549	cutting_control
BRD4	BRD4-2	0.3618173365236905	0.021447854	11.0	203.0	A549	cutting_control
CCND1	CCND1-1	0.46595451681820105	0.08413326	11.0	203.0	A549	cutting_control
CCND1	CCND1-2	0.4779875637559679	0.09175447	11.0	203.0	A549	cutting_control
CCNE1	CCNE1-1	0.5930629842580162	0.00038178003	11.0	203.0	A549	cutting_control
CCNE1	CCNE1-2	0.5882266955515015	0.00035829752	11.0	203.0	A549	cutting_control
CDK2	CDK2-1	0.49296194892134704	0.0011582173	11.0	203.0	A549	cutting_control
CDK2	CDK2-2	0.5548836992179305	0.0001111	11.0	203.0	A549	cutting_control
CDK4	CDK4-1	0.32600017502437056	0.0042495746	17.0	209.0	A549	cutting_control
CDK4	CDK4-2	0.30616553345432856	0.006324367	17.0	209.0	A549	cutting_control
CDK4	CDK4-3	0.3176229587821207	0.0050794915	17.0	209.0	A549	cutting_control
CHEK2	CHEK2-1	0.10682811578585748	0.27548912	11.0	203.0	A549	cutting_control
CHEK2	CHEK2-2	0.10841557397264233	0.27966294	11.0	203.0	A549	cutting_control
COX5B	COX5B-1	0.15713485653352893	0.1557026	11.0	203.0	A549	cutting_control
COX5B	COX5B-2	0.15004381673059283	0.17694898	11.0	203.0	A549	cutting_control
CSNK1A1	CSNK1A1-1	0.7989174627352019	9.999e-05	11.0	203.0	A549	cutting_control
CSNK1A1	CSNK1A1-2	0.5773636465718357	0.0011415523	11.0	203.0	A549	cutting_control
CTNNB1	CTNNB1-1	0.1176012501376849	0.23140685	11.0	203.0	A549	cutting_control
CTNNB1	CTNNB1-2	0.10756343185332878	0.30786923	11.0	203.0	A549	cutting_control
DOT1L	DOT1L-1	0.13204525923955798	0.3016865	11.0	203.0	A549	cutting_control
DOT1L	DOT1L-2	0.11548525758254094	0.33635524	11.0	203.0	A549	cutting_control
EGFR	EGFR-1	0.19827044247124256	0.16553347	11.0	203.0	A549	cutting_control
EGFR	EGFR-2	0.21180879045911175	0.10238068	11.0	203.0	A549	cutting_control
EGLN1	EGLN1-8	0.1411968348254764	0.12642069	11.0	203.0	A549	cutting_control
EGLN1	EGLN1-9	0.13841132261301897	0.13569552	11.0	203.0	A549	cutting_control
EMPTY	EMPTY	0.4797505223164466	0.47298068	167.0	359.0	A549	cutting_control
ERBB2	ERBB2-1	0.38765650045978434	0.00232704	11.0	203.0	A549	cutting_control
ERBB2	ERBB2-2	0.37522866798240684	0.0025330803	11.0	203.0	A549	cutting_control
ERBB3	ERBB3-1	0.12469813438663725	0.12547635	11.0	203.0	A549	cutting_control
ERBB3	ERBB3-2	0.1260251484138814	0.117046624	11.0	203.0	A549	cutting_control
EZH2	EZH2-1	0.17705096632887318	0.050561607	11.0	203.0	A549	cutting_control
EZH2	EZH2-2	0.16766411996398464	0.059324067	11.0	203.0	A549	cutting_control
GLS	GLS-1	0.2600305968213805	0.060121264	11.0	203.0	A549	cutting_control
GLS	GLS-2	0.26287893347094593	0.055161152	11.0	203.0	A549	cutting_control
GPX4	GPX4-1	0.1024853389494259	0.30936906	11.0	203.0	A549	cutting_control
GPX4	GPX4-2	0.10869038926601826	0.27697232	11.0	203.0	A549	cutting_control
HIF1a	HIF1a-1	0.13586855695481906	0.17908208	11.0	203.0	A549	cutting_control
HIF1a	HIF1a-2	0.13140355966969713	0.20548943	11.0	203.0	A549	cutting_control
ITGAV	ITGAV-1	1.0	9.999001e-05	11.0	203.0	A549	cutting_control
ITGAV	ITGAV-2	1.0	9.9990015e-05	11.0	203.0	A549	cutting_control
JAK3	JAK3-1	0.10639150449644154	0.30146986	11.0	203.0	A549	cutting_control
JAK3	JAK3-2	0.10640565770414896	0.2878712	11.0	203.0	A549	cutting_control
KIF11	KIF11-1	0.6224398713332691	0.000108322514	11.0	203.0	A549	cutting_control
KIF11	KIF11-2	0.6205006054558526	0.000109080014	11.0	203.0	A549	cutting_control
KRAS	KRAS-1	0.35562593203023224	0.1547112	17.0	209.0	A549	cutting_control
KRAS	KRAS-2A	0.43276674991828673	0.00047995205	17.0	209.0	A549	cutting_control
KRAS	KRAS-2B	0.3276517023230518	0.14670199	17.0	209.0	A549	cutting_control
MAPK1	MAPK1-1	0.1572748059828854	0.12585105	11.0	203.0	A549	cutting_control
MAPK1	MAPK1-2	0.1531959474770291	0.12633736	11.0	203.0	A549	cutting_control
MCL1	MCL1-2	0.06639850468679662	0.5825218	11.0	203.0	A549	cutting_control
MCL1	MCL1-5	0.07249158096258737	0.5125237	11.0	203.0	A549	cutting_control
MTOR	MTOR-1	0.40301960169510764	0.047005296	11.0	203.0	A549	cutting_control
MTOR	MTOR-2	0.3981035496795862	0.07686731	11.0	203.0	A549	cutting_control
MYC	MYC-1	0.9688611052247417	9.9990015e-05	11.0	203.0	A549	cutting_control
MYC	MYC-2	0.9648583739492832	9.999001e-05	11.0	203.0	A549	cutting_control
ORC4	ORC4-1	0.2278469343726906	0.33828568	47.0	239.0	A549	cutting_control
ORC4	ORC4-2	0.22748233946273957	0.33989105	47.0	239.0	A549	cutting_control
PIK3CA	PIK3CA-1	0.31322025470656034	0.029442508	11.0	203.0	A549	cutting_control
PIK3CA	PIK3CA-2	0.29694366375806447	0.03572976	11.0	203.0	A549	cutting_control
POLR2D	POLR2D-1	0.8115138157808999	9.999e-05	47.0	239.0	A549	cutting_control
POLR2D	POLR2D-2	0.8125865052459449	9.9990015e-05	47.0	239.0	A549	cutting_control
PPIB	PPIB-1	0.2383696585796214	0.35382333	47.0	239.0	A549	cutting_control
PPIB	PPIB-2	0.2387239287096634	0.35263976	47.0	239.0	A549	cutting_control
PRDX1	PRDX1-1	0.10598685931968976	0.3319918	11.0	203.0	A549	cutting_control
PRDX1	PRDX1-2	0.10561088099332223	0.32107788	11.0	203.0	A549	cutting_control
PSMA1	PSMA1-1	0.7161058712688018	0.03327494	47.0	239.0	A549	cutting_control
PSMA1	PSMA1-2	0.7189736836720547	0.03189265	47.0	239.0	A549	cutting_control
PTK2	PTK2-1	0.795140636029746	0.000349965	11.0	203.0	A549	cutting_control
PTK2	PTK2-2	0.8044666312982426	0.0003083025	11.0	203.0	A549	cutting_control
RAC1	RAC1-1	0.0964967012514411	0.2684398	11.0	203.0	A549	cutting_control
RAC1	RAC1-2	0.10026769770211984	0.30031994	11.0	203.0	A549	cutting_control
RAF1	RAF1-1	0.10767655418191681	0.20257066	11.0	203.0	A549	cutting_control
RAF1	RAF1-2	0.10504680725045228	0.21542847	11.0	203.0	A549	cutting_control
RHOA	RHOA-1	0.166276429315098	0.11331367	11.0	203.0	A549	cutting_control
RHOA	RHOA-2	0.17470680644536044	0.101679824	11.0	203.0	A549	cutting_control
SDHB	SDHB-1	0.10842988908782682	0.23021336	11.0	203.0	A549	cutting_control
SDHB	SDHB-2	0.11728646822849252	0.21168719	11.0	203.0	A549	cutting_control
SLC2A1	SLC2A1-1	0.18467873286510883	0.054877844	5.0	197.0	A549	cutting_control
SLC2A2	SLC2A2-2	0.13246046964053165	0.24727528	5.0	197.0	A549	cutting_control
SMARCB1	SMARCB1-1	0.11368878935079317	0.31903175	11.0	203.0	A549	cutting_control
SMARCB1	SMARCB1-2	0.11722595224713563	0.29593706	11.0	203.0	A549	cutting_control
STAT3	STAT3-1	0.11308753551015276	0.2102234	11.0	203.0	A549	cutting_control
STAT3	STAT3-2	0.10671730488236736	0.2588491	11.0	203.0	A549	cutting_control
SUZ12	SUZ12-1	0.3865883869668341	0.0075409114	11.0	203.0	A549	cutting_control
SUZ12	SUZ12-2	0.4090762995168946	0.008809118	11.0	203.0	A549	cutting_control
TXN	TXN-1	0.11025416982706682	0.19207245	11.0	203.0	A549	cutting_control
TXN	TXN-2	0.11530206440238971	0.14187673	11.0	203.0	A549	cutting_control
XBP	XBP-1	0.1653004196454585	0.09086591	11.0	203.0	A549	cutting_control
XBP	XBP-2	0.18016072913029296	0.06479352	11.0	203.0	A549	cutting_control
YAP1	YAP1-1	0.12137764825837684	0.2124424	11.0	203.0	A549	cutting_control
YAP1	YAP1-2	0.11999582425340749	0.20687099	11.0	203.0	A549	cutting_control
AKT1	AKT1-1	0.13938152420995267	0.16405027	11.0	179.0	A549	perturbation_control
AKT1	AKT1-2	0.13390243983583033	0.18271175	11.0	179.0	A549	perturbation_control
ARID1B	ARID1B-1	0.18821765778263147	0.0810169	11.0	179.0	A549	perturbation_control
ARID1B	ARID1B-2	0.19076294539604363	0.082937166	11.0	179.0	A549	perturbation_control
ATF4	ATF4-1	0.7664239615364825	9.999001e-05	11.0	179.0	A549	perturbation_control
ATF4	ATF4-2	0.7648652103850214	9.9990015e-05	11.0	179.0	A549	perturbation_control
ATP50	ATP50-1	0.22478903782042395	0.09813564	11.0	179.0	A549	perturbation_control
ATP50	ATP50-2	0.23591202969998468	0.089991	11.0	179.0	A549	perturbation_control
AURKB	AURKB-2	0.07318997277803527	0.28050527	5.0	173.0	A549	perturbation_control
BCL2	BCL2-1	0.13151181020320343	0.21206063	11.0	179.0	A549	perturbation_control
BCL2	BCL2-2	0.1333913423497631	0.20025498	11.0	179.0	A549	perturbation_control
BCL2L2	BCL2L2-1	0.10762209589721443	0.5042434	17.0	185.0	A549	perturbation_control
BCL2L2	BCL2L2-2	0.10842748288640781	0.49906677	17.0	185.0	A549	perturbation_control
BCL2L2	BCL2L2-4	0.11110081923105194	0.45822337	17.0	185.0	A549	perturbation_control
BRAF	BRAF-2	0.08153070223299597	0.24544214	5.0	173.0	A549	perturbation_control
BRAF1	BRAF1-1	0.05437332900049471	0.480252	5.0	173.0	A549	perturbation_control
BRCA1	BRCA1-1	0.24229938753492775	0.08725793	11.0	179.0	A549	perturbation_control
BRCA1	BRCA1-2	0.2374814232902992	0.095035955	11.0	179.0	A549	perturbation_control
BRD4	BRD4-1	0.36843666234878253	0.04931325	11.0	179.0	A549	perturbation_control
BRD4	BRD4-2	0.3971454771660084	0.045212146	11.0	179.0	A549	perturbation_control
CCND1	CCND1-1	0.5119435729550513	0.100099996	11.0	179.0	A549	perturbation_control
CCND1	CCND1-2	0.513466735253278	0.08345	11.0	179.0	A549	perturbation_control
CCNE1	CCNE1-1	0.5853946769248201	0.00013332002	11.0	179.0	A549	perturbation_control
CCNE1	CCNE1-2	0.5870152711067669	0.00013635002	11.0	179.0	A549	perturbation_control
CDK2	CDK2-1	0.5356614248100501	0.000469953	11.0	179.0	A549	perturbation_control
CDK2	CDK2-2	0.5233053764184098	0.00044162254	11.0	179.0	A549	perturbation_control
CDK4	CDK4-1	0.4386725059616608	0.0008799118	17.0	185.0	A549	perturbation_control
CDK4	CDK4-2	0.42943047944287127	0.00093562057	17.0	185.0	A549	perturbation_control
CDK4	CDK4-3	0.43757688085730023	0.0007554799	17.0	185.0	A549	perturbation_control
CHEK2	CHEK2-1	0.12281192930726981	0.27602237	11.0	179.0	A549	perturbation_control
CHEK2	CHEK2-2	0.12096103414453235	0.27320603	11.0	179.0	A549	perturbation_control
COX5B	COX5B-1	0.18675985055917932	0.11595508	11.0	179.0	A549	perturbation_control
COX5B	COX5B-2	0.1919687594528564	0.11537938	11.0	179.0	A549	perturbation_control
CSNK1A1	CSNK1A1-1	0.6067201584797963	0.007159284	11.0	179.0	A549	perturbation_control
CSNK1A1	CSNK1A1-2	0.5755936210199916	0.0060160644	11.0	179.0	A549	perturbation_control
CTNNB1	CTNNB1-1	0.11510244853808214	0.3108606	11.0	179.0	A549	perturbation_control
CTNNB1	CTNNB1-2	0.10049375455256085	0.36773324	11.0	179.0	A549	perturbation_control
Chr2	Chr2-1	0.5784048840256374	0.17920195	143.0	311.0	A549	perturbation_control
Chr2	Chr2-2	0.5772943147822104	0.18245329	143.0	311.0	A549	perturbation_control
Chr2	Chr2-3	0.5776954164675164	0.18048126	143.0	311.0	A549	perturbation_control
Chr2	Chr2-4	0.5781854307773905	0.17798008	143.0	311.0	A549	perturbation_control
Chr2	Chr2-5	0.5786525535102822	0.17673619	143.0	311.0	A549	perturbation_control
Chr2	Chr2-6	0.577702111082756	0.18177463	143.0	311.0	A549	perturbation_control
DOT1L	DOT1L-1	0.157723105588778	0.24270906	11.0	179.0	A549	perturbation_control
DOT1L	DOT1L-2	0.1640556873918198	0.23376752	11.0	179.0	A549	perturbation_control
EGFR	EGFR-1	0.2213099438668931	0.14400378	11.0	179.0	A549	perturbation_control
EGFR	EGFR-2	0.2208085252733524	0.13298671	11.0	179.0	A549	perturbation_control
EGLN1	EGLN1-8	0.20371888161826882	0.0935823	11.0	179.0	A549	perturbation_control
EGLN1	EGLN1-9	0.1924908567850243	0.11043896	11.0	179.0	A549	perturbation_control
ERBB2	ERBB2-1	0.48632695337019544	0.0012415424	11.0	179.0	A549	perturbation_control
ERBB2	ERBB2-2	0.48464051841777545	0.0013453199	11.0	179.0	A549	perturbation_control
ERBB3	ERBB3-1	0.24603112050878315	0.028838784	11.0	179.0	A549	perturbation_control
ERBB3	ERBB3-2	0.2374443738099026	0.03140595	11.0	179.0	A549	perturbation_control
EZH2	EZH2-1	0.3127106524195443	0.004816185	11.0	179.0	A549	perturbation_control
EZH2	EZH2-2	0.29839129784859064	0.00524493	11.0	179.0	A549	perturbation_control
GLS	GLS-1	0.29841078008888705	0.06828484	11.0	179.0	A549	perturbation_control
GLS	GLS-2	0.3070369766797957	0.073001795	11.0	179.0	A549	perturbation_control
GPX4	GPX4-1	0.15580866126355572	0.1779822	11.0	179.0	A549	perturbation_control
GPX4	GPX4-2	0.15212000842775003	0.17821552	11.0	179.0	A549	perturbation_control
HIF1a	HIF1a-1	0.1493896888759754	0.26488352	11.0	179.0	A549	perturbation_control
HIF1a	HIF1a-2	0.1454938616827486	0.24454223	11.0	179.0	A549	perturbation_control
ITGAV	ITGAV-1	1.0	9.999001e-05	11.0	179.0	A549	perturbation_control
ITGAV	ITGAV-2	1.0	9.9990015e-05	11.0	179.0	A549	perturbation_control
JAK3	JAK3-1	0.12112196942051848	0.2518021	11.0	179.0	A549	perturbation_control
JAK3	JAK3-2	0.11954905698914227	0.24995	11.0	179.0	A549	perturbation_control
KIF11	KIF11-1	0.5999533103958027	0.00011817002	11.0	179.0	A549	perturbation_control
KIF11	KIF11-2	0.5993211873783204	0.00011665502	11.0	179.0	A549	perturbation_control
KRAS	KRAS-1	0.3621996762663422	0.22084042	17.0	185.0	A549	perturbation_control
KRAS	KRAS-2A	0.3675175640450461	0.20785569	17.0	185.0	A549	perturbation_control
KRAS	KRAS-2B	0.3588910818491064	0.19735247	17.0	185.0	A549	perturbation_control
LacZ	LacZ-2	0.21513599791098514	0.27219096	23.0	191.0	A549	perturbation_control
LacZ	LacZ-3	0.22703099714749395	0.24952506	23.0	191.0	A549	perturbation_control
Luc	Luc-1	0.25054162343612374	0.16280112	23.0	191.0	A549	perturbation_control
Luc	Luc-2	0.2517826599139246	0.15611772	23.0	191.0	A549	perturbation_control
MAPK1	MAPK1-1	0.17904828405109052	0.17781554	11.0	179.0	A549	perturbation_control
MAPK1	MAPK1-2	0.1819677931081675	0.19109091	11.0	179.0	A549	perturbation_control
MCL1	MCL1-2	0.0652086584376815	0.6942431	11.0	179.0	A549	perturbation_control
MCL1	MCL1-5	0.0788166267645168	0.54982	11.0	179.0	A549	perturbation_control
MTOR	MTOR-1	0.4688762324667762	0.017239943	11.0	179.0	A549	perturbation_control
MTOR	MTOR-2	0.439271801261373	0.020667935	11.0	179.0	A549	perturbation_control
MYC	MYC-1	0.9318634514159728	9.9990015e-05	11.0	179.0	A549	perturbation_control
MYC	MYC-2	0.9271092397615771	9.999001e-05	11.0	179.0	A549	perturbation_control
ORC4	ORC4-1	0.3047605085850224	0.18513565	47.0	215.0	A549	perturbation_control
ORC4	ORC4-2	0.30728598193068485	0.17547157	47.0	215.0	A549	perturbation_control
PIK3CA	PIK3CA-1	0.4414229777321809	0.0057721497	11.0	179.0	A549	perturbation_control
PIK3CA	PIK3CA-2	0.4349477905329049	0.005316135	11.0	179.0	A549	perturbation_control
POLR2D	POLR2D-1	0.8301813298375176	9.9990015e-05	47.0	215.0	A549	perturbation_control
POLR2D	POLR2D-2	0.8315845423196055	9.999e-05	47.0	215.0	A549	perturbation_control
PPIB	PPIB-1	0.28117514466771787	0.31193054	47.0	215.0	A549	perturbation_control
PPIB	PPIB-2	0.2828258670386759	0.30548403	47.0	215.0	A549	perturbation_control
PRDX1	PRDX1-1	0.13438301619289714	0.22042798	11.0	179.0	A549	perturbation_control
PRDX1	PRDX1-2	0.1284961801964815	0.23878522	11.0	179.0	A549	perturbation_control
PSMA1	PSMA1-1	0.7954304860737093	0.0271207	47.0	215.0	A549	perturbation_control
PSMA1	PSMA1-2	0.7958665102054598	0.026557764	47.0	215.0	A549	perturbation_control
PTK2	PTK2-1	0.8568668918662841	0.000118170006	11.0	179.0	A549	perturbation_control
PTK2	PTK2-2	0.8687946508774272	0.000116655014	11.0	179.0	A549	perturbation_control
RAC1	RAC1-1	0.1257818476571155	0.2786888	11.0	179.0	A549	perturbation_control
RAC1	RAC1-2	0.12010661577444956	0.31386858	11.0	179.0	A549	perturbation_control
RAF1	RAF1-1	0.1852546079850492	0.094872326	11.0	179.0	A549	perturbation_control
RAF1	RAF1-2	0.18468957239183958	0.08989934	11.0	179.0	A549	perturbation_control
RHOA	RHOA-1	0.22984220030353378	0.089100175	11.0	179.0	A549	perturbation_control
RHOA	RHOA-2	0.23083518984620924	0.08216678	11.0	179.0	A549	perturbation_control
SDHB	SDHB-1	0.14679573989996703	0.14104953	11.0	179.0	A549	perturbation_control
SDHB	SDHB-2	0.15368557483769715	0.12999535	11.0	179.0	A549	perturbation_control
SLC2A1	SLC2A1-1	0.25430264283411064	0.03253008	5.0	173.0	A549	perturbation_control
SLC2A2	SLC2A2-2	0.17866419539142767	0.12633736	5.0	173.0	A549	perturbation_control
SMARCB1	SMARCB1-1	0.13108716891050498	0.15785922	11.0	179.0	A549	perturbation_control
SMARCB1	SMARCB1-2	0.13528502398221035	0.13796803	11.0	179.0	A549	perturbation_control
STAT3	STAT3-1	0.18335016288968772	0.17836218	11.0	179.0	A549	perturbation_control
STAT3	STAT3-2	0.20401276213436084	0.14886846	11.0	179.0	A549	perturbation_control
SUZ12	SUZ12-1	0.5166246628008042	0.00018331502	11.0	179.0	A549	perturbation_control
SUZ12	SUZ12-2	0.5156086786022682	0.00019089002	11.0	179.0	A549	perturbation_control
TXN	TXN-1	0.24540516285366484	0.080050334	11.0	179.0	A549	perturbation_control
TXN	TXN-2	0.24282680888625877	0.08701858	11.0	179.0	A549	perturbation_control
XBP	XBP-1	0.3428875487964787	0.042713907	11.0	179.0	A549	perturbation_control
XBP	XBP-2	0.3573789360817455	0.03916275	11.0	179.0	A549	perturbation_control
YAP1	YAP1-1	0.15055400941536956	0.1521448	11.0	179.0	A549	perturbation_control
YAP1	YAP1-2	0.14542007024477385	0.15569277	11.0	179.0	A549	perturbation_control
AKT1	AKT1-1	0.11792591116050938	0.35033163	11.0	203.0	ES2	cutting_control
AKT1	AKT1-2	0.10213208953266646	0.41471854	11.0	203.0	ES2	cutting_control
ARID1B	ARID1B-1	0.13024379221089982	0.17782389	11.0	203.0	ES2	cutting_control
ARID1B	ARID1B-2	0.12024738423214236	0.20190981	11.0	203.0	ES2	cutting_control
ATF4	ATF4-1	0.3657773638727481	0.0027597244	11.0	203.0	ES2	cutting_control
ATF4	ATF4-2	0.3555385324255526	0.0027830554	11.0	203.0	ES2	cutting_control
ATP50	ATP50-1	0.1128329972619632	0.2910209	11.0	203.0	ES2	cutting_control
ATP50	ATP50-2	0.11834372568718131	0.2894127	11.0	203.0	ES2	cutting_control
AURKB	AURKB-2	0.2984272132558486	0.08440822	5.0	197.0	ES2	cutting_control
BCL2	BCL2-1	0.10369340087874367	0.44408286	11.0	203.0	ES2	cutting_control
BCL2	BCL2-2	0.10326876467478968	0.42156616	11.0	203.0	ES2	cutting_control
BCL2L2	BCL2L2-1	0.11668345959110252	0.40372628	17.0	209.0	ES2	cutting_control
BCL2L2	BCL2L2-2	0.11867752652917338	0.38989672	17.0	209.0	ES2	cutting_control
BCL2L2	BCL2L2-4	0.11519634955416963	0.43085694	17.0	209.0	ES2	cutting_control
BRAF	BRAF-2	0.9793650793650794	9.999e-05	5.0	197.0	ES2	cutting_control
BRAF1	BRAF1-1	0.469669275610529	0.042512413	5.0	197.0	ES2	cutting_control
BRCA1	BRCA1-1	0.13032377370816156	0.13634637	11.0	203.0	ES2	cutting_control
BRCA1	BRCA1-2	0.1276338937330951	0.14887677	11.0	203.0	ES2	cutting_control
BRD4	BRD4-1	0.5091842368528623	0.104029596	11.0	203.0	ES2	cutting_control
BRD4	BRD4-2	0.5429266206562064	0.086708	11.0	203.0	ES2	cutting_control
CCND1	CCND1-1	0.9890345765345766	9.9990015e-05	11.0	203.0	ES2	cutting_control
CCND1	CCND1-2	0.9880377198559017	9.999001e-05	11.0	203.0	ES2	cutting_control
CCNE1	CCNE1-1	0.24442531554266148	0.10238066	11.0	203.0	ES2	cutting_control
CCNE1	CCNE1-2	0.23636600147067766	0.098373495	11.0	203.0	ES2	cutting_control
CDK2	CDK2-1	0.7620320174805215	0.0016081728	11.0	203.0	ES2	cutting_control
CDK2	CDK2-2	0.7465339019313694	0.0021109001	11.0	203.0	ES2	cutting_control
CDK4	CDK4-1	0.8405073973143173	0.008260284	17.0	209.0	ES2	cutting_control
CDK4	CDK4-2	0.8017474686464108	0.012340431	17.0	209.0	ES2	cutting_control
CDK4	CDK4-3	0.8255913206043813	0.009892344	17.0	209.0	ES2	cutting_control
CHEK2	CHEK2-1	0.19196613864598544	0.22186947	11.0	203.0	ES2	cutting_control
CHEK2	CHEK2-2	0.19646413178481623	0.23624001	11.0	203.0	ES2	cutting_control
COX5B	COX5B-1	0.09199314913981858	0.31711376	11.0	203.0	ES2	cutting_control
COX5B	COX5B-2	0.08914384753617571	0.34689033	11.0	203.0	ES2	cutting_control
CSNK1A1	CSNK1A1-1	0.3761646883867424	0.00023331003	11.0	203.0	ES2	cutting_control
CSNK1A1	CSNK1A1-2	0.31348042717710395	0.08759125	11.0	203.0	ES2	cutting_control
CTNNB1	CTNNB1-1	0.2857736202778852	0.0490051	11.0	203.0	ES2	cutting_control
CTNNB1	CTNNB1-2	0.2936928658541231	0.040895913	11.0	203.0	ES2	cutting_control
DOT1L	DOT1L-1	0.19024631235054845	0.05356131	11.0	203.0	ES2	cutting_control
DOT1L	DOT1L-2	0.19811164100857523	0.04975058	11.0	203.0	ES2	cutting_control
EGFR	EGFR-1	0.19629762884455867	0.088041194	11.0	203.0	ES2	cutting_control
EGFR	EGFR-2	0.19037641966505756	0.09582679	11.0	203.0	ES2	cutting_control
EGLN1	EGLN1-8	0.8062444220302636	0.000108322514	11.0	203.0	ES2	cutting_control
EGLN1	EGLN1-9	0.8135880105580711	0.000109080014	11.0	203.0	ES2	cutting_control
EMPTY	EMPTY	0.4808144817058778	0.46464047	167.0	359.0	ES2	cutting_control
ERBB2	ERBB2-1	0.2369374923705582	0.020616122	11.0	203.0	ES2	cutting_control
ERBB2	ERBB2-2	0.2292207262858635	0.02394761	11.0	203.0	ES2	cutting_control
ERBB3	ERBB3-1	0.12273613643653973	0.18872558	11.0	203.0	ES2	cutting_control
ERBB3	ERBB3-2	0.11609040045985046	0.20235474	11.0	203.0	ES2	cutting_control
EZH2	EZH2-1	0.42601087218110173	0.06217712	11.0	203.0	ES2	cutting_control
EZH2	EZH2-2	0.4007964281861239	0.074592546	11.0	203.0	ES2	cutting_control
GLS	GLS-1	0.2315691828864087	0.047895208	11.0	203.0	ES2	cutting_control
GLS	GLS-2	0.21971861954331315	0.0630437	11.0	203.0	ES2	cutting_control
GPX4	GPX4-1	0.8574336705601272	0.045212153	11.0	203.0	ES2	cutting_control
GPX4	GPX4-2	0.8424175381692862	0.054234583	11.0	203.0	ES2	cutting_control
HIF1a	HIF1a-1	0.24533230270081244	0.110105656	11.0	203.0	ES2	cutting_control
HIF1a	HIF1a-2	0.2235977146315984	0.13207678	11.0	203.0	ES2	cutting_control
ITGAV	ITGAV-1	0.9936042836869283	9.999001e-05	11.0	203.0	ES2	cutting_control
ITGAV	ITGAV-2	0.9922830536466899	9.9990015e-05	11.0	203.0	ES2	cutting_control
JAK3	JAK3-1	0.08602616480596145	0.46101752	11.0	203.0	ES2	cutting_control
JAK3	JAK3-2	0.08703113113007734	0.43736458	11.0	203.0	ES2	cutting_control
KIF11	KIF11-1	0.6257304433804646	0.009049094	11.0	203.0	ES2	cutting_control
KIF11	KIF11-2	0.6054964406601001	0.009862649	11.0	203.0	ES2	cutting_control
KRAS	KRAS-1	0.17130999368436983	0.21887812	17.0	209.0	ES2	cutting_control
KRAS	KRAS-2A	0.181058418052045	0.11851815	17.0	209.0	ES2	cutting_control
KRAS	KRAS-2B	0.1731330578238418	0.22495529	17.0	209.0	ES2	cutting_control
MAPK1	MAPK1-1	0.9951597988788072	9.999001e-05	11.0	203.0	ES2	cutting_control
MAPK1	MAPK1-2	0.9925070194956559	9.9990015e-05	11.0	203.0	ES2	cutting_control
MCL1	MCL1-2	0.132726824163511	0.24517548	11.0	203.0	ES2	cutting_control
MCL1	MCL1-5	0.12275778415200556	0.2975036	11.0	203.0	ES2	cutting_control
MTOR	MTOR-1	0.6152696219426997	0.0012298769	11.0	203.0	ES2	cutting_control
MTOR	MTOR-2	0.5924206940204698	0.0021497852	11.0	203.0	ES2	cutting_control
MYC	MYC-1	1.0	9.9990015e-05	11.0	203.0	ES2	cutting_control
MYC	MYC-2	1.0	9.999001e-05	11.0	203.0	ES2	cutting_control
ORC4	ORC4-1	0.2339288063347805	0.33656415	47.0	239.0	ES2	cutting_control
ORC4	ORC4-2	0.23513325051819223	0.32599446	47.0	239.0	ES2	cutting_control
PIK3CA	PIK3CA-1	0.16111617966302047	0.12706003	11.0	203.0	ES2	cutting_control
PIK3CA	PIK3CA-2	0.17199628861920666	0.11652168	11.0	203.0	ES2	cutting_control
POLR2D	POLR2D-1	0.904485046646497	0.01590466	47.0	239.0	ES2	cutting_control
POLR2D	POLR2D-2	0.9034425048511607	0.016240934	47.0	239.0	ES2	cutting_control
PPIB	PPIB-1	0.29324305432274417	0.33730975	47.0	239.0	ES2	cutting_control
PPIB	PPIB-2	0.29635760970451636	0.3233156	47.0	239.0	ES2	cutting_control
PRDX1	PRDX1-1	0.12719471315540712	0.28998765	11.0	203.0	ES2	cutting_control
PRDX1	PRDX1-2	0.12212246820750775	0.33755624	11.0	203.0	ES2	cutting_control
PSMA1	PSMA1-1	0.9291041073714286	0.0034170488	47.0	239.0	ES2	cutting_control
PSMA1	PSMA1-2	0.9310368072071284	0.0032788385	47.0	239.0	ES2	cutting_control
PTK2	PTK2-1	0.44601478341104983	0.0059794015	11.0	203.0	ES2	cutting_control
PTK2	PTK2-2	0.4151317460695672	0.0053661303	11.0	203.0	ES2	cutting_control
RAC1	RAC1-1	0.10658521562123262	0.16541678	11.0	203.0	ES2	cutting_control
RAC1	RAC1-2	0.11048951599513514	0.15280138	11.0	203.0	ES2	cutting_control
RAF1	RAF1-1	0.14708087955934201	0.1797002	11.0	203.0	ES2	cutting_control
RAF1	RAF1-2	0.15414486661859414	0.16517514	11.0	203.0	ES2	cutting_control
RHOA	RHOA-1	0.8921693786634698	9.9990015e-05	11.0	203.0	ES2	cutting_control
RHOA	RHOA-2	0.8907923300264157	9.999001e-05	11.0	203.0	ES2	cutting_control
SDHB	SDHB-1	0.2743166904100975	0.06019398	11.0	203.0	ES2	cutting_control
SDHB	SDHB-2	0.26865953717747854	0.056002732	11.0	203.0	ES2	cutting_control
SLC2A1	SLC2A1-1	0.5866135792121391	0.058577474	5.0	197.0	ES2	cutting_control
SLC2A2	SLC2A2-2	0.6765419765419765	0.0076159053	5.0	197.0	ES2	cutting_control
SMARCB1	SMARCB1-1	0.2983496496695046	0.08060103	11.0	203.0	ES2	cutting_control
SMARCB1	SMARCB1-2	0.2778665670589529	0.14023598	11.0	203.0	ES2	cutting_control
STAT3	STAT3-1	0.1298643256955862	0.22361098	11.0	203.0	ES2	cutting_control
STAT3	STAT3-2	0.12009493774240365	0.23449321	11.0	203.0	ES2	cutting_control
SUZ12	SUZ12-1	0.24598842617178965	0.12993701	11.0	203.0	ES2	cutting_control
SUZ12	SUZ12-2	0.27474158559400763	0.06679332	11.0	203.0	ES2	cutting_control
TXN	TXN-1	0.15728425599312149	0.08946604	11.0	203.0	ES2	cutting_control
TXN	TXN-2	0.15599495845321998	0.095363185	11.0	203.0	ES2	cutting_control
XBP	XBP-1	0.32448833728995125	0.08980768	11.0	203.0	ES2	cutting_control
XBP	XBP-2	0.36283310600240315	0.01209879	11.0	203.0	ES2	cutting_control
YAP1	YAP1-1	0.6799733771373314	0.00089990994	11.0	203.0	ES2	cutting_control
YAP1	YAP1-2	0.6883552201145977	0.00083324994	11.0	203.0	ES2	cutting_control
AKT1	AKT1-1	0.12625888398845014	0.32175115	11.0	179.0	ES2	perturbation_control
AKT1	AKT1-2	0.10617123615490882	0.38176182	11.0	179.0	ES2	perturbation_control
ARID1B	ARID1B-1	0.23416752811547978	0.04508716	11.0	179.0	ES2	perturbation_control
ARID1B	ARID1B-2	0.23303966789637762	0.04868604	11.0	179.0	ES2	perturbation_control
ATF4	ATF4-1	0.3578742134507475	0.00278154	11.0	179.0	ES2	perturbation_control
ATF4	ATF4-2	0.3675511956199507	0.0025580775	11.0	179.0	ES2	perturbation_control
ATP50	ATP50-1	0.1871202066792172	0.13428658	11.0	179.0	ES2	perturbation_control
ATP50	ATP50-2	0.1826328540093671	0.13256174	11.0	179.0	ES2	perturbation_control
AURKB	AURKB-2	0.26192535073411743	0.0902243	5.0	173.0	ES2	perturbation_control
BCL2	BCL2-1	0.1607963983194901	0.1795275	11.0	179.0	ES2	perturbation_control
BCL2	BCL2-2	0.15544979772983708	0.18708129	11.0	179.0	ES2	perturbation_control
BCL2L2	BCL2L2-1	0.1346450263587118	0.38638636	17.0	185.0	ES2	perturbation_control
BCL2L2	BCL2L2-2	0.14857553386334746	0.34417117	17.0	185.0	ES2	perturbation_control
BCL2L2	BCL2L2-4	0.13508374753835473	0.3883073	17.0	185.0	ES2	perturbation_control
BRAF	BRAF-2	0.9353367003367005	9.999e-05	5.0	173.0	ES2	perturbation_control
BRAF1	BRAF1-1	0.45346581509815875	0.07942539	5.0	173.0	ES2	perturbation_control
BRCA1	BRCA1-1	0.2337294430127386	0.14234409	11.0	179.0	ES2	perturbation_control
BRCA1	BRCA1-2	0.21924907461757034	0.1552572	11.0	179.0	ES2	perturbation_control
BRD4	BRD4-1	0.5200992734615756	0.10031725	11.0	179.0	ES2	perturbation_control
BRD4	BRD4-2	0.521366476087365	0.09196582	11.0	179.0	ES2	perturbation_control
CCND1	CCND1-1	0.9883477633477632	9.999001e-05	11.0	179.0	ES2	perturbation_control
CCND1	CCND1-2	0.9770819596627014	9.9990015e-05	11.0	179.0	ES2	perturbation_control
CCNE1	CCNE1-1	0.32249057455401736	0.011790487	11.0	179.0	ES2	perturbation_control
CCNE1	CCNE1-2	0.3342323949519455	0.010907999	11.0	179.0	ES2	perturbation_control
CDK2	CDK2-1	0.6999017213739308	0.00012998702	11.0	179.0	ES2	perturbation_control
CDK2	CDK2-2	0.7014990365494072	0.00012498752	11.0	179.0	ES2	perturbation_control
CDK4	CDK4-1	0.8280868042763045	0.0007132619	17.0	185.0	ES2	perturbation_control
CDK4	CDK4-2	0.8214635879028026	0.00075706706	17.0	185.0	ES2	perturbation_control
CDK4	CDK4-3	0.8390327759203919	0.00061105	17.0	185.0	ES2	perturbation_control
CHEK2	CHEK2-1	0.15610352136612787	0.15737426	11.0	179.0	ES2	perturbation_control
CHEK2	CHEK2-2	0.15825220068625923	0.2133203	11.0	179.0	ES2	perturbation_control
COX5B	COX5B-1	0.12283958035311653	0.2423091	11.0	179.0	ES2	perturbation_control
COX5B	COX5B-2	0.1198015300236929	0.25830147	11.0	179.0	ES2	perturbation_control
CSNK1A1	CSNK1A1-1	0.36444026949071356	0.103229664	11.0	179.0	ES2	perturbation_control
CSNK1A1	CSNK1A1-2	0.34065671420241883	0.08811619	11.0	179.0	ES2	perturbation_control
CTNNB1	CTNNB1-1	0.42132437460293937	0.045720432	11.0	179.0	ES2	perturbation_control
CTNNB1	CTNNB1-2	0.39718695694682365	0.05482452	11.0	179.0	ES2	perturbation_control
Chr2	Chr2-1	0.5928222052183744	0.14199646	143.0	311.0	ES2	perturbation_control
Chr2	Chr2-2	0.593824411264552	0.13904098	143.0	311.0	ES2	perturbation_control
Chr2	Chr2-3	0.5921989985406295	0.14301	143.0	311.0	ES2	perturbation_control
Chr2	Chr2-4	0.5928629016004865	0.14099787	143.0	311.0	ES2	perturbation_control
Chr2	Chr2-5	0.5934103589418349	0.14001258	143.0	311.0	ES2	perturbation_control
Chr2	Chr2-6	0.5911271289820462	0.14403813	143.0	311.0	ES2	perturbation_control
DOT1L	DOT1L-1	0.3492041125208207	0.017406592	11.0	179.0	ES2	perturbation_control
DOT1L	DOT1L-2	0.3413852867653412	0.01896174	11.0	179.0	ES2	perturbation_control
EGFR	EGFR-1	0.3758049344307306	0.008117369	11.0	179.0	ES2	perturbation_control
EGFR	EGFR-2	0.36162155294875725	0.008724127	11.0	179.0	ES2	perturbation_control
EGLN1	EGLN1-8	0.8993475713610506	9.9990015e-05	11.0	179.0	ES2	perturbation_control
EGLN1	EGLN1-9	0.9399919227307162	9.999001e-05	11.0	179.0	ES2	perturbation_control
ERBB2	ERBB2-1	0.47120153919757785	0.004016265	11.0	179.0	ES2	perturbation_control
ERBB2	ERBB2-2	0.46988796963819884	0.00437229	11.0	179.0	ES2	perturbation_control
ERBB3	ERBB3-1	0.167902555590797	0.08835781	11.0	179.0	ES2	perturbation_control
ERBB3	ERBB3-2	0.16075650965358182	0.0958904	11.0	179.0	ES2	perturbation_control
EZH2	EZH2-1	0.46798205930990805	0.025055826	11.0	179.0	ES2	perturbation_control
EZH2	EZH2-2	0.4520900670704936	0.027324539	11.0	179.0	ES2	perturbation_control
GLS	GLS-1	0.3536070348543037	0.010790587	11.0	179.0	ES2	perturbation_control
GLS	GLS-2	0.3381010836404506	0.011762461	11.0	179.0	ES2	perturbation_control
GPX4	GPX4-1	0.8684965544472999	0.016116569	11.0	179.0	ES2	perturbation_control
GPX4	GPX4-2	0.8770877506676008	0.014781854	11.0	179.0	ES2	perturbation_control
HIF1a	HIF1a-1	0.27472856638276155	0.07721228	11.0	179.0	ES2	perturbation_control
HIF1a	HIF1a-2	0.30233362564249217	0.0643769	11.0	179.0	ES2	perturbation_control
ITGAV	ITGAV-1	0.9986225895316804	9.999001e-05	11.0	179.0	ES2	perturbation_control
ITGAV	ITGAV-2	0.9987373737373737	9.9990015e-05	11.0	179.0	ES2	perturbation_control
JAK3	JAK3-1	0.09625846312441143	0.48716038	11.0	179.0	ES2	perturbation_control
JAK3	JAK3-2	0.09481467530396853	0.4841766	11.0	179.0	ES2	perturbation_control
KIF11	KIF11-1	0.5586053592697243	0.0038814298	11.0	179.0	ES2	perturbation_control
KIF11	KIF11-2	0.5721649415239429	0.0035663098	11.0	179.0	ES2	perturbation_control
KRAS	KRAS-1	0.1751272394031363	0.18868738	17.0	185.0	ES2	perturbation_control
KRAS	KRAS-2A	0.1808798816493893	0.1777293	17.0	185.0	ES2	perturbation_control
KRAS	KRAS-2B	0.1835011871331203	0.16847204	17.0	185.0	ES2	perturbation_control
LacZ	LacZ-2	0.1883523456732684	0.26879126	23.0	191.0	ES2	perturbation_control
LacZ	LacZ-3	0.19504124250181212	0.24730444	23.0	191.0	ES2	perturbation_control
Luc	Luc-1	0.28199953314773457	0.1546454	23.0	191.0	ES2	perturbation_control
Luc	Luc-2	0.2837876441410393	0.14821434	23.0	191.0	ES2	perturbation_control
MAPK1	MAPK1-1	0.990053885508431	9.9990015e-05	11.0	179.0	ES2	perturbation_control
MAPK1	MAPK1-2	0.9940209790209791	9.999001e-05	11.0	179.0	ES2	perturbation_control
MCL1	MCL1-2	0.09398081847898329	0.38869864	11.0	179.0	ES2	perturbation_control
MCL1	MCL1-5	0.09091924595872414	0.40613437	11.0	179.0	ES2	perturbation_control
MTOR	MTOR-1	0.6041915297524708	0.003482985	11.0	179.0	ES2	perturbation_control
MTOR	MTOR-2	0.5883296478384991	0.0041595837	11.0	179.0	ES2	perturbation_control
MYC	MYC-1	1.0	9.9990015e-05	11.0	179.0	ES2	perturbation_control
MYC	MYC-2	1.0	9.999001e-05	11.0	179.0	ES2	perturbation_control
ORC4	ORC4-1	0.3696487928883916	0.09709237	47.0	215.0	ES2	perturbation_control
ORC4	ORC4-2	0.3666123241324427	0.101309426	47.0	215.0	ES2	perturbation_control
PIK3CA	PIK3CA-1	0.3033223510643703	0.06237558	11.0	179.0	ES2	perturbation_control
PIK3CA	PIK3CA-2	0.3059617264341448	0.057244282	11.0	179.0	ES2	perturbation_control
POLR2D	POLR2D-1	0.9284065051280831	0.0024444356	47.0	215.0	ES2	perturbation_control
POLR2D	POLR2D-2	0.9290769068246444	0.0023955933	47.0	215.0	ES2	perturbation_control
PPIB	PPIB-1	0.33635715012747885	0.16815978	47.0	215.0	ES2	perturbation_control
PPIB	PPIB-2	0.33599815505855984	0.16505016	47.0	215.0	ES2	perturbation_control
PRDX1	PRDX1-1	0.19473757392176572	0.14816019	11.0	179.0	ES2	perturbation_control
PRDX1	PRDX1-2	0.18024111774499943	0.16159293	11.0	179.0	ES2	perturbation_control
PSMA1	PSMA1-1	0.9552430745190884	9.9990015e-05	47.0	215.0	ES2	perturbation_control
PSMA1	PSMA1-2	0.9556693025275603	9.999e-05	47.0	215.0	ES2	perturbation_control
PTK2	PTK2-1	0.6023875535482428	0.00035451	11.0	179.0	ES2	perturbation_control
PTK2	PTK2-2	0.5936136742181896	0.0003333	11.0	179.0	ES2	perturbation_control
RAC1	RAC1-1	0.2011569449575937	0.05286971	11.0	179.0	ES2	perturbation_control
RAC1	RAC1-2	0.19113850991610354	0.0619438	11.0	179.0	ES2	perturbation_control
RAF1	RAF1-1	0.29211611536036036	0.01957077	11.0	179.0	ES2	perturbation_control
RAF1	RAF1-2	0.2892367384926837	0.018306503	11.0	179.0	ES2	perturbation_control
RHOA	RHOA-1	0.9567526017069298	9.999001e-05	11.0	179.0	ES2	perturbation_control
RHOA	RHOA-2	0.9554864216945558	9.9990015e-05	11.0	179.0	ES2	perturbation_control
SDHB	SDHB-1	0.25993356180458815	0.09140904	11.0	179.0	ES2	perturbation_control
SDHB	SDHB-2	0.26292145219579577	0.08393327	11.0	179.0	ES2	perturbation_control
SLC2A1	SLC2A1-1	0.6963047964542336	0.017348263	5.0	173.0	ES2	perturbation_control
SLC2A2	SLC2A2-2	0.807231151670807	0.006416025	5.0	173.0	ES2	perturbation_control
SMARCB1	SMARCB1-1	0.3250050460102867	0.06772656	11.0	179.0	ES2	perturbation_control
SMARCB1	SMARCB1-2	0.3434353253275298	0.06118479	11.0	179.0	ES2	perturbation_control
STAT3	STAT3-1	0.22570994742416794	0.11557845	11.0	179.0	ES2	perturbation_control
STAT3	STAT3-2	0.22232805643681666	0.101648174	11.0	179.0	ES2	perturbation_control
SUZ12	SUZ12-1	0.30157665890147467	0.062493753	11.0	179.0	ES2	perturbation_control
SUZ12	SUZ12-2	0.31306952353957046	0.06471171	11.0	179.0	ES2	perturbation_control
TXN	TXN-1	0.27464496102673114	0.047511917	11.0	179.0	ES2	perturbation_control
TXN	TXN-2	0.2695232798678605	0.051740278	11.0	179.0	ES2	perturbation_control
XBP	XBP-1	0.3592457197570913	0.04319568	11.0	179.0	ES2	perturbation_control
XBP	XBP-2	0.362529536488624	0.03962104	11.0	179.0	ES2	perturbation_control
YAP1	YAP1-1	0.7450021861564978	0.000729927	11.0	179.0	ES2	perturbation_control
YAP1	YAP1-2	0.7693212176789773	0.00062493753	11.0	179.0	ES2	perturbation_control
