perturbation	Metadata_gene_identity	mean_ap	p_value	n_pos_pairs	n_total_pairs	id	sequence	gene	gamma_day5	gamma_day10	relative_activity_day5	relative_activity_day10
ALDOA_ALDOA_+_30077139.23-P1P2_00	ALDOA	0.498892773892774	0.4160584	4.0	14.0	ALDOA_+_30077139.23-P1P2_00	GGTCACCAGGACCCCTTCTG	ALDOA	-0.4127462570364528	-0.3664685683267774	1.0	1.0
ALDOA_ALDOA_+_30077139.23-P1P2_06	ALDOA	0.44813519813519814	0.5087741	4.0	14.0	ALDOA_+_30077139.23-P1P2_06	GGTCACCAGGATCCCTTCTG	ALDOA	-0.3966869088836744	-0.3485030221323547	0.961091474776572	0.9509765700331414
ALDOA_ALDOA_+_30077139.23-P1P2_07	ALDOA	0.37132312132312134	0.65850085	4.0	14.0	ALDOA_+_30077139.23-P1P2_07	GGTCACCAGGCCCCCTTCTG	ALDOA	-0.3608923649690538	-0.3350590431815617	0.8743685952727627	0.914291353038474
ALDOA_ALDOA_+_30077139.23-P1P2_13	ALDOA	0.21769896769896768	0.95795417	4.0	14.0	ALDOA_+_30077139.23-P1P2_13	GGTCACCAGGACCCCTTTTG	ALDOA	0.0170630216363427	-0.0002202829373106	-0.041340221371979	0.0006010964004808
ATP5E_ATP5E_-_57607036.23-P1P2_00	ATP5E	0.6379724442224441	0.31538847	4.0	14.0	ATP5E_-_57607036.23-P1P2_00	GGTGTCCAGGGGCACTCTGT	ATP5E	-0.1768982315844933	-0.2247230520410116	1.0	1.0
ATP5E_ATP5E_-_57607036.23-P1P2_01	ATP5E	0.5742512695637696	0.39353567	4.0	14.0	ATP5E_-_57607036.23-P1P2_01	GGTGTCCTGGGGCACTCTGT	ATP5E	-0.2096579340786029	-0.2283730781396743	1.1851895420359946	1.0162423305731738
ATP5E_ATP5E_-_57607036.23-P1P2_04	ATP5E	0.4601128038628038	0.523781	4.0	14.0	ATP5E_-_57607036.23-P1P2_04	GGTGTCCAGGAGCACTCTGT	ATP5E	-0.0979325743832265	-0.1204064125175193	0.5536096856708839	0.5357991155066072
ATP5E_ATP5E_-_57607036.23-P1P2_14	ATP5E	0.5161973443223443	0.5031497	4.0	14.0	ATP5E_-_57607036.23-P1P2_14	GGTGTCCAGGGGCACTGTGT	ATP5E	-0.0123299154877695	-0.0350618276457647	0.0697006147394997	0.1560223899031328
BCR_BCR_+_23523092.23-P1P2_00	BCR	0.7745115995115994	0.112205446	5.0	15.0	BCR_+_23523092.23-P1P2_00	GCGCGCGGGGCCCGTCTCAG	BCR	-0.8425528501003656	-0.5067824631666772	1.0	1.0
BCR_BCR_+_23523092.23-P1P2_04	BCR	0.7294139194139193	0.13460653	5.0	15.0	BCR_+_23523092.23-P1P2_04	GCGCGCGGAGCCCGTCTCAG	BCR	-0.7400520210766667	-0.4180396686225673	0.8783449263610122	0.8248897683049404
BCR_BCR_+_23523092.23-P1P2_05	BCR	0.6617673992673991	0.16820818	5.0	15.0	BCR_+_23523092.23-P1P2_05	GCGCGCGGCGCCCGTCTCAG	BCR	-0.3535485553422552	-0.2246915235193203	0.4196158796449863	0.4433687821699956
BCR_BCR_+_23523092.23-P1P2_07	BCR	0.691086691086691	0.16375029	5.0	15.0	BCR_+_23523092.23-P1P2_07	GCGCGCGGGGCTCGTCTCAG	BCR	-0.8706596360209884	-0.4868795080852305	1.0333590776142705	0.9607268275285588
BCR_BCR_+_23523092.23-P1P2_13	BCR	0.5366300366300366	0.24552545	5.0	15.0	BCR_+_23523092.23-P1P2_13	GCGCGCGGGGCCCATCTCAG	BCR	-0.2183357676354853	-0.1615264178884691	0.259135990827729	0.3187292963516463
CAD_CAD_+_27440280.23-P1P2_00	CAD	0.8458241758241758	0.19122088	4.0	14.0	CAD_+_27440280.23-P1P2_00	GGCTGGAGAGAAGCCGGGCG	CAD	-0.7714252198835279	-0.6840310234077223	1.0	1.0
CAD_CAD_+_27440280.23-P1P2_03	CAD	0.8072802197802198	0.23877613	4.0	14.0	CAD_+_27440280.23-P1P2_03	GGCTGGTGAGAAGCCGGGCG	CAD	-0.7687482412394501	-0.6266948400501084	0.9965298274219218	0.9161789723045382
CAD_CAD_+_27440280.23-P1P2_06	CAD	0.7430402930402931	0.31803486	4.0	14.0	CAD_+_27440280.23-P1P2_06	GGCTGGAGAGTAGCCGGGCG	CAD	-0.3975413770279012	-0.3141085264804744	0.5153336535820325	0.4592021644217844
CAD_CAD_+_27440280.23-P1P2_07	CAD	0.6145604395604396	0.47655237	4.0	14.0	CAD_+_27440280.23-P1P2_07	GGCTGGAGCGAAGCCGGGCG	CAD	-0.6026400289627765	-0.4658647452647984	0.7812034315571961	0.6810579188995584
CDC23_CDC23_-_137548987.23-P1P2_00	CDC23	0.7984865134865134	0.20045996	4.0	14.0	CDC23_-_137548987.23-P1P2_00	GACAGCCACCGGGACCATGG	CDC23	-1.1761482707014126	-0.6583699904978307	1.0	1.0
CDC23_CDC23_-_137548987.23-P1P2_02	CDC23	0.7606081418581417	0.25032496	4.0	14.0	CDC23_-_137548987.23-P1P2_02	GACAGCTACCGGGACCATGG	CDC23	-1.0865216870037642	-0.5704584445632177	0.9237965263986672	0.8664709096656453
CDC23_CDC23_-_137548987.23-P1P2_04	CDC23	0.6808108558108558	0.33343336	4.0	14.0	CDC23_-_137548987.23-P1P2_04	GACAGCCAACGGGACCATGG	CDC23	-0.8887406883614861	-0.5364090455322124	0.7556366067957343	0.8147531832770859
CDC23_CDC23_-_137548987.23-P1P2_08	CDC23	0.5462162837162837	0.49965006	4.0	14.0	CDC23_-_137548987.23-P1P2_08	GACAGCCATCGGGACCATGG	CDC23	-0.9559273824817464	-0.5500621373081586	0.8127609471479864	0.8354909021479329
COX11_COX11_+_53045977.23-P1P2_00	COX11	0.450498667998668	0.41027898	4.0	14.0	COX11_+_53045977.23-P1P2_00	GGCTCTGGCGTCCTGGATGG	COX11	-0.1816735547863853	-0.2987601160635763	1.0	1.0
COX11_COX11_+_53045977.23-P1P2_03	COX11	0.4188925657675657	0.4779522	4.0	14.0	COX11_+_53045977.23-P1P2_03	GGCTCTGTCGTCCTGGATGG	COX11	-0.1719095412982087	-0.2874591312363945	0.9462551745648548	0.9621737165720712
COX11_COX11_+_53045977.23-P1P2_04	COX11	0.4722138972138972	0.35099825	4.0	14.0	COX11_+_53045977.23-P1P2_04	GGCTCTGGCGCCCTGGATGG	COX11	-0.1494631074708818	-0.2574127749330873	0.8227015079141428	0.8616035444246171
COX11_COX11_+_53045977.23-P1P2_05	COX11	0.379532967032967	0.48865116	4.0	14.0	COX11_+_53045977.23-P1P2_05	GGCTCTGGCGTCTTGGATGG	COX11	-0.055498122267671	-0.1079565579305666	0.3054826682558542	0.3613486276313852
DBR1_DBR1_+_137893744.23-P1P2_01	DBR1	0.734781746031746	0.11728828	4.0	14.0	DBR1_+_137893744.23-P1P2_01	GATTGCAGGAGTCTACACCC	DBR1	-0.5119080995874025	-0.5474265209626142	1.1235104202095243	1.1186948146758715
DBR1_DBR1_+_137893744.23-P1P2_05	DBR1	0.6952628968253968	0.14591041	4.0	14.0	DBR1_+_137893744.23-P1P2_05	GTTTGCAGGAGTGTACACCC	DBR1	-0.3102352960804433	-0.3093960240354322	0.6808889879728378	0.6322670066498426
DBR1_DBR1_+_137893744.23-P1P2_07	DBR1	0.7420634920634921	0.13821952	4.0	14.0	DBR1_+_137893744.23-P1P2_07	GTTTGCAGGGGTCTACACCC	DBR1	-0.5167383726840931	-0.4679724944851621	1.1341116632079526	0.9563263432522606
DBR1_DBR1_+_137893744.23-P1P2_08	DBR1	0.6547619047619047	0.20592941	4.0	14.0	DBR1_+_137893744.23-P1P2_08	GTTTGCAGTAGTCTACACCC	DBR1	-0.0352938246288287	-0.0526073730262489	0.077461129783836	0.1075059266670115
DUT_DUT_+_48624411.23-P1P2_00	DUT	0.9276190476190476	0.01929807	4.0	14.0	DUT_+_48624411.23-P1P2_00	GCGAGCGAGGAGACCACCGG	DUT	-0.7929051772213047	-0.6457473335399523	1.0	1.0
DUT_DUT_+_48624411.23-P1P2_01	DUT	0.9095238095238095	0.023872612	4.0	14.0	DUT_+_48624411.23-P1P2_01	GCCAGCGAGGAGACCACCGG	DUT	-0.7923812092420397	-0.6031705463758223	0.999339179520682	0.9340658722805308
DUT_DUT_+_48624411.23-P1P2_07	DUT	0.8793650793650793	0.03149685	4.0	14.0	DUT_+_48624411.23-P1P2_07	GCGAGCGAGGAGCCCACCGG	DUT	-0.7197148503699744	-0.4997966192138557	0.9076934683314568	0.7739817003563877
DUT_DUT_+_48624411.23-P1P2_08	DUT	0.819047619047619	0.046745323	4.0	14.0	DUT_+_48624411.23-P1P2_08	GCGAGCGAGGAGGCCACCGG	DUT	-0.7724720735524389	-0.5861659415454918	0.9742300791369876	0.9077326550187386
EIF2S1_EIF2S1_-_67827080.23-P1P2_00	EIF2S1	0.8120362970362969	0.20115988	4.0	14.0	EIF2S1_-_67827080.23-P1P2_00	GAGCGAAGCGCACGCTGAGG	EIF2S1	-0.904664360783458	-0.5154968264172671	1.0	1.0
EIF2S1_EIF2S1_-_67827080.23-P1P2_01	EIF2S1	0.7650453712953713	0.25119987	4.0	14.0	EIF2S1_-_67827080.23-P1P2_01	GAGCGAAACGCACGCTGAGG	EIF2S1	-0.4466585214774093	-0.303163507053003	0.4937284376833347	0.588099657489663
EIF2S1_EIF2S1_-_67827080.23-P1P2_02	EIF2S1	0.7145049395049394	0.33399996	4.0	14.0	EIF2S1_-_67827080.23-P1P2_02	GAGCGCAGCGCACGCTGAGG	EIF2S1	-0.7287586038461379	-0.4555779231212945	0.8055568843399754	0.8837647484419788
EIF2S1_EIF2S1_-_67827080.23-P1P2_06	EIF2S1	0.5967574092574093	0.50049996	4.0	14.0	EIF2S1_-_67827080.23-P1P2_06	GAGCGAAGCGCGCGCTGAGG	EIF2S1	-0.6688310372641316	-0.3634812078875516	0.7393140110934735	0.705108526882245
GATA1_GATA1_-_48645022.23-P1P2_00	GATA1	0.8424686424686425	0.16683333	5.0	15.0	GATA1_-_48645022.23-P1P2_00	GTGAGCTTGCCACATCCCCA	GATA1	-0.9627320230023312	-0.6153056419698073	1.0	1.0
GATA1_GATA1_-_48645022.23-P1P2_03	GATA1	0.8176290376290376	0.20015998	5.0	15.0	GATA1_-_48645022.23-P1P2_03	GTGCGCTTGCCACATCCCCA	GATA1	-0.9854792062685248	-0.6259105655848303	1.0236277413887775	1.0172352127002653
GATA1_GATA1_-_48645022.23-P1P2_04	GATA1	0.7803696303696305	0.25015	5.0	15.0	GATA1_-_48645022.23-P1P2_04	GTGAGCTTACCACATCCCCA	GATA1	-0.9312619861410107	-0.6032307640614007	0.9673117377323968	0.9803758049905886
GATA1_GATA1_-_48645022.23-P1P2_06	GATA1	0.7182706182706183	0.33346665	5.0	15.0	GATA1_-_48645022.23-P1P2_06	GTGAGCTTGCGACATCCCCA	GATA1	-0.5072566221089974	-0.348632235248717	0.5268928528284439	0.5666000950887172
GATA1_GATA1_-_48645022.23-P1P2_08	GATA1	0.5940725940725942	0.5001	5.0	15.0	GATA1_-_48645022.23-P1P2_08	GTGAGCTTTCCACATCCCCA	GATA1	-0.7632324345446211	-0.4893222066850527	0.7927776539149908	0.7952506418087801
GINS1_GINS1_-_25388381.23-P1P2_00	GINS1	0.8424908424908425	0.19750026	4.0	14.0	GINS1_-_25388381.23-P1P2_00	GGACTAGAACGAAAGGAGTG	GINS1	-0.9993200473967392	-0.7124629757807877	1.0	1.0
GINS1_GINS1_-_25388381.23-P1P2_03	GINS1	0.8031135531135531	0.24662535	4.0	14.0	GINS1_-_25388381.23-P1P2_03	GGACTATAACGAAAGGAGTG	GINS1	-0.7467147553046813	-0.4796745713569253	0.7472228314141173	0.6732624538576903
GINS1_GINS1_-_25388381.23-P1P2_06	GINS1	0.7374847374847375	0.32850048	4.0	14.0	GINS1_-_25388381.23-P1P2_06	GGACTAGAACGGAAGGAGTG	GINS1	-0.9794415877111546	-0.6548304882617789	0.9801080147072316	0.9191080947668202
GINS1_GINS1_-_25388381.23-P1P2_08	GINS1	0.6062271062271062	0.4922508	4.0	14.0	GINS1_-_25388381.23-P1P2_08	GGACTAGAGCGAAAGGAGTG	GINS1	-1.0387461968540015	-0.6722807763938202	1.0394529756107351	0.9436009999776735
GNB2L1_GNB2L1_+_180670873.23-P1P2_00	GNB2L1	0.8012087912087912	0.19334069	4.0	14.0	GNB2L1_+_180670873.23-P1P2_00	GTGCAAGGCGGCGGCAGGAG	GNB2L1	-0.2908070036463151	-0.3053874493372467	1.0	1.0
GNB2L1_GNB2L1_+_180670873.23-P1P2_02	GNB2L1	0.751510989010989	0.24142587	4.0	14.0	GNB2L1_+_180670873.23-P1P2_02	GTGCAAGACGGCGGCAGGAG	GNB2L1	-0.1438122018356437	-0.1272665792498374	0.4945279860266049	0.4167380798589857
GNB2L1_GNB2L1_+_180670873.23-P1P2_07	GNB2L1	0.9256410256410256	0.00453288	4.0	14.0	GNB2L1_+_180670873.23-P1P2_07	GTGCAAGGCGGGGGCAGGAG	GNB2L1	-0.3800320905043	-0.2732581444286871	1.306818906488587	0.8947916655439286
GNB2L1_GNB2L1_+_180670873.23-P1P2_08	GNB2L1	0.9134615384615384	0.00629937	4.0	14.0	GNB2L1_+_180670873.23-P1P2_08	GTGCAAGGTGGCGGCAGGAG	GNB2L1	-0.3060715631093124	-0.3155183097678701	1.0524903433259891	1.0331737943147612
HSPA5_HSPA5_+_128003624.23-P1P2_00	HSPA5	1.0	0.0009999	4.0	14.0	HSPA5_+_128003624.23-P1P2_00	GAGCCGAGTAGGCGACGGTG	HSPA5	-0.7476322163407074	-0.4271815955574504	1.0	1.0
HSPA5_HSPA5_+_128003624.23-P1P2_04	HSPA5	0.8387029637029638	0.20079994	4.0	14.0	HSPA5_+_128003624.23-P1P2_04	GAGCCGAGAAGGCGACGGTG	HSPA5	-0.7544021520980724	-0.4224808887797475	1.0090551685834253	0.9889959988290958
HSPA5_HSPA5_+_128003624.23-P1P2_06	HSPA5	0.7983787046287046	0.25074995	4.0	14.0	HSPA5_+_128003624.23-P1P2_06	GAGCCGAGTAGACGACGGTG	HSPA5	-0.119163967557983	-0.0983516113374267	0.1593884866829738	0.230233728138692
HSPA5_HSPA5_+_128003624.23-P1P2_08	HSPA5	1.0	0.0009999	4.0	14.0	HSPA5_+_128003624.23-P1P2_08	GAGCCGAGTGGGCGACGGTG	HSPA5	-0.7565658198421817	-0.4434939396252906	1.0119491954817037	1.0381859711127148
HSPA9_HSPA9_-_137911079.23-P1P2_00	HSPA9	0.8387029637029638	0.20079994	4.0	14.0	HSPA9_-_137911079.23-P1P2_00	GGAGCTGCGCGATGCGGTGG	HSPA9	-0.9499755540232864	-0.5891528111131659	1.0	1.0
HSPA9_HSPA9_-_137911079.23-P1P2_02	HSPA9	0.7983787046287046	0.25074995	4.0	14.0	HSPA9_-_137911079.23-P1P2_02	GGAGTTGCGCGATGCGGTGG	HSPA9	-0.6503982112690434	-0.402698762979181	0.6846473138329836	0.6835217542598294
HSPA9_HSPA9_-_137911079.23-P1P2_04	HSPA9	0.7311716061716061	0.33399996	4.0	14.0	HSPA9_-_137911079.23-P1P2_04	GGAGCTGCGCAATGCGGTGG	HSPA9	-0.2004744732615032	-0.1657160527769909	0.2110311917106332	0.2812785573642281
HSPA9_HSPA9_-_137911079.23-P1P2_07	HSPA9	1.0	0.0009999	4.0	14.0	HSPA9_-_137911079.23-P1P2_07	GGAGCTGCGGGATGCGGTGG	HSPA9	-0.8109496379714399	-0.5035737975969707	0.8536531645861294	0.8547422469995533
HSPE1_HSPE1_+_198365089.23-P1P2_00	HSPE1	0.8851190476190476	0.080831915	4.0	14.0	HSPE1_+_198365089.23-P1P2_00	GGAGACTCGCAGTCCGGCCC	HSPE1	-0.7018406373053319	-0.5671926062704215	1.0	1.0
HSPE1_HSPE1_+_198365089.23-P1P2_01	HSPE1	0.8563988095238095	0.10078992	4.0	14.0	HSPE1_+_198365089.23-P1P2_01	GGAGACACGCAGTCCGGCCC	HSPE1	-0.6159740158253385	-0.4833910777856472	0.8776551015773719	0.8522520788206114
HSPE1_HSPE1_+_198365089.23-P1P2_02	HSPE1	0.808531746031746	0.13405326	4.0	14.0	HSPE1_+_198365089.23-P1P2_02	GGAGACTGGCAGTCCGGCCC	HSPE1	-0.436529137954851	-0.3564535632158425	0.62197757546624	0.628452415061799
HSPE1_HSPE1_+_198365089.23-P1P2_03	HSPE1	0.7127976190476191	0.20057994	4.0	14.0	HSPE1_+_198365089.23-P1P2_03	GGTGACTCGCAGTCCGGCCC	HSPE1	-0.6427427969045738	-0.4650126199264733	0.91579592679663	0.8198495798176332
MTOR_MTOR_+_11322547.23-P1P2_00	MTOR	0.6958458208458207	0.2111989	4.0	14.0	MTOR_+_11322547.23-P1P2_00	GGGCAGGGGGCCTGAAGCGG	MTOR	-0.6872198437504253	-0.5617921710034551	1.0	1.0
MTOR_MTOR_+_11322547.23-P1P2_05	MTOR	0.6644501332001331	0.26049897	4.0	14.0	MTOR_+_11322547.23-P1P2_05	GGGCAGGGGGCTTGAAGCGG	MTOR	-0.4312533286354853	-0.3447540138510628	0.6275332887391153	0.6136682418255744
MTOR_MTOR_+_11322547.23-P1P2_06	MTOR	0.6121239871239871	0.34266576	4.0	14.0	MTOR_+_11322547.23-P1P2_06	GGGCAGGGGGGCTGAAGCGG	MTOR	-0.3933075185467043	-0.2988549733875525	0.5723168824699132	0.531967138049908
MTOR_MTOR_+_11322547.23-P1P2_07	MTOR	0.507471694971695	0.5069993	4.0	14.0	MTOR_+_11322547.23-P1P2_07	GGGCAGGGGGTCTGAAGCGG	MTOR	-0.5893385602698615	-0.4798513879222031	0.8575691834706233	0.8541439569460499
POLR1D_POLR1D_+_28196016.23-P1_00	POLR1D	0.8387029637029638	0.20079991	4.0	14.0	POLR1D_+_28196016.23-P1_00	GGGAAGCAAGGACCGACCGA	POLR1D	-0.7593932803799408	-0.6213200576724395	1.0	1.0
POLR1D_POLR1D_+_28196016.23-P1_01	POLR1D	0.7983787046287046	0.25074995	4.0	14.0	POLR1D_+_28196016.23-P1_01	GGGAAGCCAGGACCGACCGA	POLR1D	-0.6944575248560731	-0.5416483696083264	0.9144899524375842	0.8717702944234965
POLR1D_POLR1D_+_28196016.23-P1_03	POLR1D	0.7311716061716061	0.33399996	4.0	14.0	POLR1D_+_28196016.23-P1_03	GGTAAGCAAGGACCGACCGA	POLR1D	-0.8471167069717869	-0.6833334545092377	1.1155177809157808	1.0998091017198284
POLR1D_POLR1D_+_28196016.23-P1_07	POLR1D	0.5967574092574093	0.50049996	4.0	14.0	POLR1D_+_28196016.23-P1_07	GGGAAGCAAGGAGCGACCGA	POLR1D	-0.3019166520481611	-0.2429748784096523	0.3975761438093127	0.3910623444539576
POLR2H_POLR2H_+_184081251.23-P1P2_00	POLR2H	0.7390094627594628	0.25457457	4.0	14.0	POLR2H_+_184081251.23-P1P2_00	GGGGCCACGAGAGCAGCAGA	POLR2H	-1.149173044073322	-0.6391256658727557	1.0	1.0
POLR2H_POLR2H_+_184081251.23-P1P2_07	POLR2H	0.6737618284493285	0.31796822	4.0	14.0	POLR2H_+_184081251.23-P1P2_07	GGGGCCACGAGTGCAGCAGA	POLR2H	-0.1894106012661743	-0.1425504418598878	0.1648233938683381	0.2230397705359377
POLR2H_POLR2H_+_184081251.23-P1P2_08	POLR2H	0.8263736263736264	0.09749025	4.0	14.0	POLR2H_+_184081251.23-P1P2_08	GGGGCCACGCGAGCAGCAGA	POLR2H	-0.5208198396352288	-0.3339602249423617	0.4532127187643972	0.5225266997943567
POLR2H_POLR2H_+_184081251.23-P1P2_11	POLR2H	0.7395604395604396	0.14573543	4.0	14.0	POLR2H_+_184081251.23-P1P2_11	GGGGCCACGAGAGCAGCGGA	POLR2H	-0.9966080888246888	-0.5466802830091584	0.8672393543901304	0.8553564849608115
RAN_RAN_+_131356438.23-P1P2_00	RAN	0.6610705266955267	0.10673933	4.0	14.0	RAN_+_131356438.23-P1P2_00	GGCGGTCGCTGCGCTTAGGG	RAN	-0.197388026435577	-0.1614815303419713	1.0	1.0
RAN_RAN_+_131356438.23-P1P2_02	RAN	0.6464736652236652	0.12802052	4.0	14.0	RAN_+_131356438.23-P1P2_02	GGCGGCCGCTGCGCTTAGGG	RAN	-0.2315942518936872	-0.20413453261914	1.1732943283126362	1.264135484639277
RAN_RAN_+_131356438.23-P1P2_03	RAN	0.5447104978354979	0.18728128	4.0	14.0	RAN_+_131356438.23-P1P2_03	GGGGGTCGCTGCGCTTAGGG	RAN	-0.2161927095934307	-0.1969856862082944	1.0952675980272348	1.2198651188847145
RAN_RAN_+_131356438.23-P1P2_12	RAN	0.5675593850593851	0.28539148	4.0	14.0	RAN_+_131356438.23-P1P2_12	GGCGGTCGCTGCGCTTAGGT	RAN	-0.0465485617628788	-0.0342591414408016	0.2358226210750998	0.2121551694998843
RPL9_RPL9_+_39460483.23-P1P2_00	RPL9	0.8484432234432233	0.08449155	4.0	14.0	RPL9_+_39460483.23-P1P2_00	GGATGTTTCTGTGCTCGTGG	RPL9	-1.1131154019306322	-0.6698765447274531	1.0	1.0
RPL9_RPL9_+_39460483.23-P1P2_01	RPL9	0.8105540293040292	0.105364464	4.0	14.0	RPL9_+_39460483.23-P1P2_01	GGATGATTCTGTGCTCGTGG	RPL9	-0.8528001832803509	-0.4984321138460103	0.7661381576440501	0.7440656308526269
RPL9_RPL9_+_39460483.23-P1P2_04	RPL9	0.7474053724053724	0.14015265	4.0	14.0	RPL9_+_39460483.23-P1P2_04	GGATGTTTCAGTGCTCGTGG	RPL9	-0.4170726238234017	-0.2942013920665234	0.3746894734364596	0.4391874807114236
RPL9_RPL9_+_39460483.23-P1P2_05	RPL9	0.7103937728937729	0.20322968	4.0	14.0	RPL9_+_39460483.23-P1P2_05	GGATGTTTCGGTGCTCGTGG	RPL9	-0.6073311264725908	-0.3848144783836599	0.5456138019644785	0.5744558178854077
RPS14_RPS14_+_149829238.23-P1P2_00	RPS14	0.5937900987900988	0.40917575	5.0	15.0	RPS14_+_149829238.23-P1P2_00	GAGGCCCGGGCGCGACAATC	RPS14	-0.7908191032615257	-0.4994868640318564	1.0	1.0
RPS14_RPS14_+_149829238.23-P1P2_01	RPS14	0.5358814518814519	0.4904909	5.0	15.0	RPS14_+_149829238.23-P1P2_01	GAGACCCGGGCGCGACAATC	RPS14	-0.7548405237636573	-0.4806902817531128	0.9545046656694506	0.9623682149976526
RPS14_RPS14_+_149829238.23-P1P2_02	RPS14	0.451994671994672	0.6121638	5.0	15.0	RPS14_+_149829238.23-P1P2_02	GAGGCCCTGGCGCGACAATC	RPS14	-0.5844509609537281	-0.3829241100371872	0.7390450718037963	0.7666349960562026
RPS14_RPS14_+_149829238.23-P1P2_04	RPS14	0.3026595626595627	0.81555176	5.0	15.0	RPS14_+_149829238.23-P1P2_04	GAGGCCCGCGCGCGACAATC	RPS14	-0.3024598037133722	-0.1957576338779312	0.3824639572640015	0.3919174816686394
RPS14_RPS14_+_149829238.23-P1P2_08	RPS14	0.23981185481185482	0.98535144	5.0	15.0	RPS14_+_149829238.23-P1P2_08	GAGGCCCGGGCTCGACAATC	RPS14	0.0273786138447461	-0.000610864142997	-0.0346205772367286	0.0012229833995355
RPS15_RPS15_-_1438413.23-P1P2_00	RPS15	0.4831589244089244	0.43661633	4.0	14.0	RPS15_-_1438413.23-P1P2_00	GACCAAAGCGATCTCTTCTG	RPS15	-0.6212193126216229	-0.3759852890987197	1.0	1.0
RPS15_RPS15_-_1438413.23-P1P2_01	RPS15	0.43628038628038623	0.5296221	4.0	14.0	RPS15_-_1438413.23-P1P2_01	GACCAAACCGATCTCTTCTG	RPS15	0.0066157924554312	0.0014221349840811	-0.0106496889601061	-0.0037824218800957
RPS15_RPS15_-_1438413.23-P1P2_02	RPS15	0.5128732378732379	0.37556246	4.0	14.0	RPS15_-_1438413.23-P1P2_02	GACCAAGGCGATCTCTTCTG	RPS15	-0.4921920539663397	-0.3145471742306536	0.7922999880496759	0.8365943651270497
RPS15_RPS15_-_1438413.23-P1P2_07	RPS15	0.42698031135531134	0.53679633	4.0	14.0	RPS15_-_1438413.23-P1P2_07	GACCAAAGCGGTCTCTTCTG	RPS15	-0.5220782489426314	-0.3074113275256559	0.8404089157167316	0.8176153068715972
RPS18_RPS18_+_33239917.23-P1P2_00	RPS18	0.7304578754578754	0.23513651	4.0	14.0	RPS18_+_33239917.23-P1P2_00	GCTGCGATGCCGCTGGATCA	RPS18	-0.8169301300761113	-0.5029541919806062	1.0	1.0
RPS18_RPS18_+_33239917.23-P1P2_01	RPS18	0.6630723443223443	0.29367065	4.0	14.0	RPS18_+_33239917.23-P1P2_01	GCTGCAATGCCGCTGGATCA	RPS18	-0.5598075113925379	-0.3779438938530532	0.6852575156462672	0.751447944721826
RPS18_RPS18_+_33239917.23-P1P2_02	RPS18	0.5674297924297923	0.39122757	4.0	14.0	RPS18_+_33239917.23-P1P2_02	GCTGGGATGCCGCTGGATCA	RPS18	-0.4897570840164126	-0.3191234834901996	0.599509145256747	0.634498108532526
RPS18_RPS18_+_33239917.23-P1P2_04	RPS18	0.37614468864468864	0.5863414	4.0	14.0	RPS18_+_33239917.23-P1P2_04	GCTGCGATCCCGCTGGATCA	RPS18	-0.0869706731373582	-0.0806750563478658	0.1064603568107536	0.16040239376507
SEC61A1_SEC61A1_-_127771295.23-P1_00	SEC61A1	0.8413003663003662	0.19916008	4.0	14.0	SEC61A1_-_127771295.23-P1_00	GGCACTGACGTGTCTCTCGG	SEC61A1	-0.920031124755446	-0.5629399658246562	1.0	1.0
SEC61A1_SEC61A1_-_127771295.23-P1_01	SEC61A1	0.8016254578754579	0.24870014	4.0	14.0	SEC61A1_-_127771295.23-P1_01	GGCACTGTCGTGTCTCTCGG	SEC61A1	-0.4191276751152053	-0.2918332715070603	0.4555581478035473	0.5184092251818556
SEC61A1_SEC61A1_-_127771295.23-P1_02	SEC61A1	0.7355006105006106	0.33126688	4.0	14.0	SEC61A1_-_127771295.23-P1_02	GGCGCTGACGTGTCTCTCGG	SEC61A1	-0.645088499214588	-0.4055074823391584	0.7011594302160804	0.7203387695970858
SEC61A1_SEC61A1_-_127771295.23-P1_03	SEC61A1	0.6032509157509157	0.4964004	4.0	14.0	SEC61A1_-_127771295.23-P1_03	GGTACTGACGTGTCTCTCGG	SEC61A1	-0.5031323222012973	-0.3419268249552734	0.5468644578030284	0.6073948302007328
TUBB_TUBB_+_30688126.23-P1_00	TUBB	0.8411650849150849	0.19940005	4.0	14.0	TUBB_+_30688126.23-P1_00	GCGGCAGGAAGGTTCTGAGA	TUBB	-0.8970466249263893	-0.6999047719896134	1.0	1.0
TUBB_TUBB_+_30688126.23-P1_01	TUBB	0.8014563561438561	0.2490001	4.0	14.0	TUBB_+_30688126.23-P1_01	GCAGCAGGAAGGTTCTGAGA	TUBB	-0.9259875501196552	-0.6119494470964847	1.0322624536886706	0.8743324400502387
TUBB_TUBB_+_30688126.23-P1_03	TUBB	0.7352751415251415	0.33166683	4.0	14.0	TUBB_+_30688126.23-P1_03	GCGGCAGCAAGGTTCTGAGA	TUBB	-0.6925686811620142	-0.4958727960173164	0.7720542744574126	0.7084860910545058
TUBB_TUBB_+_30688126.23-P1_06	TUBB	0.6029127122877123	0.4970003	4.0	14.0	TUBB_+_30688126.23-P1_06	GCGGCAGGACGGTTCTGAGA	TUBB	-0.7308024083478801	-0.5544460835553608	0.8146760581233433	0.7921736009589442
